score,decoding_score,brain_decoding_score,decoding_accuracy,measure
0.14829025527105388,0.5248737373737373,0.8396675084175084,0.6291848690990541,procrustes-angular-score
0.198628770339209,0.5575126262626263,0.8396675084175084,0.6676076736144683,procrustes-angular-score
0.24872287317551023,0.5878787878787879,0.8396675084175084,0.7027524731607392,procrustes-angular-score
0.2976455303158011,0.6291666666666667,0.8396675084175084,0.7518528774774036,procrustes-angular-score
0.34483297534991764,0.6469065656565657,0.8396675084175084,0.7727796174690112,procrustes-angular-score
0.38996608462373605,0.6827651515151515,0.8396675084175084,0.8156059372343015,procrustes-angular-score
0.43289415421195343,0.6921717171717171,0.8396675084175084,0.8271897472264671,procrustes-angular-score
0.4735726046290425,0.7331439393939394,0.8396675084175084,0.874346789553183,procrustes-angular-score
0.5120230016851917,0.7531565656565657,0.8396675084175084,0.897463916155231,procrustes-angular-score
0.5483087557088602,0.7631944444444445,0.8396675084175084,0.9098261306234645,procrustes-angular-score
0.5825154784847921,0.7750631313131313,0.8396675084175084,0.9244321176772922,procrustes-angular-score
0.6147370883080883,0.7831439393939393,0.8396675084175084,0.9333395815271283,procrustes-angular-score
0.645066773977168,0.7938762626262627,0.8396675084175084,0.945788056510439,procrustes-angular-score
0.673591258777033,0.7995580808080808,0.8396675084175084,0.9528110715390044,procrustes-angular-score
0.7003891930440937,0.8101641414141415,0.8396675084175084,0.9655268101904291,procrustes-angular-score
0.7255321623794995,0.7992424242424243,0.8396675084175084,0.9524886405627522,procrustes-angular-score
0.7490861175795241,0.8049242424242424,0.8396675084175084,0.9587766367453323,procrustes-angular-score
0.7711124151941693,0.8210227272727272,0.8396675084175084,0.9780243047944991,procrustes-angular-score
0.7916687301433747,0.8224116161616162,0.8396675084175084,0.9789199389898088,procrustes-angular-score
0.8108102833025913,0.8244949494949495,0.8396675084175084,0.9825087845228526,procrustes-angular-score
0.8285914307617515,0.8234217171717172,0.8396675084175084,0.9806950447328725,procrustes-angular-score
0.8450668893606934,0.8350378787878787,0.8396675084175084,0.9946947997516966,procrustes-angular-score
0.8602922462493408,0.8218434343434343,0.8396675084175084,0.9787862358028719,procrustes-angular-score
0.8743226703210817,0.8208964646464646,0.8396675084175084,0.9778266517542813,procrustes-angular-score
0.8872103026826547,0.8294191919191919,0.8396675084175084,0.9876791107453281,procrustes-angular-score
0.8990030417838094,0.8275883838383838,0.8396675084175084,0.9852561963379975,procrustes-angular-score
0.9097431502675501,0.834469696969697,0.8396675084175084,0.9943795741935084,procrustes-angular-score
0.91946494562438,0.8309974747474748,0.8396675084175084,0.989578333459819,procrustes-angular-score
0.9281952335016277,0.8333333333333334,0.8396675084175084,0.99164461061959,procrustes-angular-score
0.9359560258157643,0.8277777777777778,0.8396675084175084,0.9851382839922502,procrustes-angular-score
0.9427714544439748,0.8393308080808081,0.8396675084175084,0.999366360938765,procrustes-angular-score
0.9486763709708481,0.8382575757575756,0.8396675084175084,0.9986601084933991,procrustes-angular-score
0.9537196051127157,0.837310606060606,0.8396675084175084,0.996605411678461,procrustes-angular-score
0.9579650656717612,0.8403409090909091,0.8396675084175084,1.000696819334323,procrustes-angular-score
0.9614896551609552,0.8349747474747474,0.8396675084175084,0.9945011395126321,procrustes-angular-score
0.9643810992211721,0.828409090909091,0.8396675084175084,0.9869277379201311,procrustes-angular-score
0.9667341933433978,0.8443813131313131,0.8396675084175084,1.0060688966399445,procrustes-angular-score
0.9686523451112464,0.8439393939393939,0.8396675084175084,1.0050747606781312,procrustes-angular-score
0.9702479207456818,0.841729797979798,0.8396675084175084,1.0022247461853115,procrustes-angular-score
0.9716358381248233,0.8402777777777777,0.8396675084175084,1.000231285196617,procrustes-angular-score
0.9729233748054784,0.8392676767676768,0.8396675084175084,0.9993142536099623,procrustes-angular-score
0.9742014789549726,0.8370580808080809,0.8396675084175084,0.9968663038632481,procrustes-angular-score
0.975527661818654,0.8375631313131313,0.8396675084175084,0.9969214213483508,procrustes-angular-score
0.976923767633451,0.8301767676767677,0.8396675084175084,0.987956782415774,procrustes-angular-score
0.9783871547024195,0.8308080808080809,0.8396675084175084,0.9890331857573504,procrustes-angular-score
0.9799020624894805,0.8311237373737375,0.8396675084175084,0.9897550320512335,procrustes-angular-score
0.9814454662844407,0.8342171717171718,0.8396675084175084,0.9939148345463471,procrustes-angular-score
0.9829835292236648,0.8444444444444444,0.8396675084175084,1.00585253319437,procrustes-angular-score
0.9844700066954782,0.8373106060606061,0.8396675084175084,0.9973666764771618,procrustes-angular-score
0.985848787664283,0.838699494949495,0.8396675084175084,0.9981381221416183,procrustes-angular-score
0.9870576178958392,0.8329545454545455,0.8396675084175084,0.9924091540303004,procrustes-angular-score
0.9880505782537565,0.8417929292929294,0.8396675084175084,1.0029714869709803,procrustes-angular-score
0.9888387264877753,0.8428661616161616,0.8396675084175084,1.0045968570601205,procrustes-angular-score
0.9894890504136465,0.8379419191919191,0.8396675084175084,0.99800474674741,procrustes-angular-score
0.9900531116344468,0.8357954545454546,0.8396675084175084,0.9960893422306103,procrustes-angular-score
-0.3211405873298645,0.5160353535353536,0.8394991582491582,0.6164165997953218,ridge-lambda1-r2#5folds_cv
-0.32114049792289734,0.5086489898989899,0.8394991582491582,0.6086560641020589,ridge-lambda1-r2#5folds_cv
0.08376158773899078,0.5022727272727273,0.8394991582491582,0.6007232322797439,ridge-lambda1-r2#5folds_cv
0.2752225697040558,0.5049873737373738,0.8394991582491582,0.6049611108204,ridge-lambda1-r2#5folds_cv
0.3690527379512787,0.5042297979797981,0.8394991582491582,0.6041618197502073,ridge-lambda1-r2#5folds_cv
0.4314437508583069,0.500189393939394,0.8394991582491582,0.5993980793242937,ridge-lambda1-r2#5folds_cv
0.480322927236557,0.5089646464646465,0.8394991582491582,0.6110530677497727,ridge-lambda1-r2#5folds_cv
0.5215104818344116,0.5088383838383839,0.8394991582491582,0.6099851160191267,ridge-lambda1-r2#5folds_cv
0.5573481321334839,0.5203282828282828,0.8394991582491582,0.6249581608585832,ridge-lambda1-r2#5folds_cv
0.5892394185066223,0.5381313131313131,0.8394991582491582,0.6452396769612535,ridge-lambda1-r2#5folds_cv
0.6178754568099976,0.5431186868686868,0.8394991582491582,0.6516929590331169,ridge-lambda1-r2#5folds_cv
0.6434653997421265,0.5603535353535355,0.8394991582491582,0.6708754755231693,ridge-lambda1-r2#5folds_cv
0.6661467552185059,0.5526515151515152,0.8394991582491582,0.6622687665498946,ridge-lambda1-r2#5folds_cv
0.6861891746520996,0.5457070707070707,0.8394991582491582,0.6544705089576601,ridge-lambda1-r2#5folds_cv
0.7038456201553345,0.5580176767676768,0.8394991582491582,0.669554482382354,ridge-lambda1-r2#5folds_cv
0.7193886041641235,0.5867424242424242,0.8394991582491582,0.7042892445622899,ridge-lambda1-r2#5folds_cv
0.7332829236984253,0.5928661616161617,0.8394991582491582,0.7099075280936478,ridge-lambda1-r2#5folds_cv
0.7460387349128723,0.5797348484848485,0.8394991582491582,0.6949779527668647,ridge-lambda1-r2#5folds_cv
0.7585776448249817,0.586489898989899,0.8394991582491582,0.7043284992077476,ridge-lambda1-r2#5folds_cv
0.7704557180404663,0.5938762626262626,0.8394991582491582,0.712942136600113,ridge-lambda1-r2#5folds_cv
0.780734121799469,0.601199494949495,0.8394991582491582,0.7212622070964,ridge-lambda1-r2#5folds_cv
0.7894613146781921,0.6124368686868686,0.8394991582491582,0.734237909738699,ridge-lambda1-r2#5folds_cv
0.7986737489700317,0.6070707070707071,0.8394991582491582,0.7278858218168114,ridge-lambda1-r2#5folds_cv
0.806784987449646,0.60385101010101,0.8394991582491582,0.7233976622683872,ridge-lambda1-r2#5folds_cv
0.8133734464645386,0.6135732323232324,0.8394991582491582,0.7349138032656827,ridge-lambda1-r2#5folds_cv
0.8156043887138367,0.6159722222222221,0.8394991582491582,0.7388145133884788,ridge-lambda1-r2#5folds_cv
0.8211287260055542,0.6286616161616162,0.8394991582491582,0.7536477711594897,ridge-lambda1-r2#5folds_cv
0.8308485746383667,0.632449494949495,0.8394991582491582,0.7589548860341743,ridge-lambda1-r2#5folds_cv
0.8340954780578613,0.6297979797979798,0.8394991582491582,0.754576032863757,ridge-lambda1-r2#5folds_cv
0.840671718120575,0.64375,0.8394991582491582,0.7702465669356733,ridge-lambda1-r2#5folds_cv
0.8453186750411987,0.6446338383838384,0.8394991582491582,0.7724518813696026,ridge-lambda1-r2#5folds_cv
0.8492925763130188,0.6331439393939394,0.8394991582491582,0.7580085206442599,ridge-lambda1-r2#5folds_cv
0.8551607131958008,0.6436868686868686,0.8394991582491582,0.7708620363618324,ridge-lambda1-r2#5folds_cv
0.858279824256897,0.636489898989899,0.8394991582491582,0.7610555073965715,ridge-lambda1-r2#5folds_cv
0.8626917004585266,0.6502525252525252,0.8394991582491582,0.7777610011318934,ridge-lambda1-r2#5folds_cv
0.8669568300247192,0.6497474747474747,0.8394991582491582,0.7789423946642741,ridge-lambda1-r2#5folds_cv
0.8700097799301147,0.6621843434343434,0.8394991582491582,0.7926819778132186,ridge-lambda1-r2#5folds_cv
0.8742879629135132,0.6575126262626263,0.8394991582491582,0.7873168918801412,ridge-lambda1-r2#5folds_cv
0.8771337270736694,0.6693181818181818,0.8394991582491582,0.8000696860634294,ridge-lambda1-r2#5folds_cv
0.8810807466506958,0.657260101010101,0.8394991582491582,0.786207281748919,ridge-lambda1-r2#5folds_cv
0.8836115002632141,0.6536616161616162,0.8394991582491582,0.7813604641440475,ridge-lambda1-r2#5folds_cv
0.8871665000915527,0.6818813131313132,0.8394991582491582,0.815033109233662,ridge-lambda1-r2#5folds_cv
0.8896802067756653,0.6695075757575757,0.8394991582491582,0.8007271939380088,ridge-lambda1-r2#5folds_cv
0.8928348422050476,0.6813131313131313,0.8394991582491582,0.8136119260472223,ridge-lambda1-r2#5folds_cv
0.8951819539070129,0.6890782828282829,0.8394991582491582,0.8229048182209289,ridge-lambda1-r2#5folds_cv
0.897713303565979,0.6744949494949495,0.8394991582491582,0.8046735273802073,ridge-lambda1-r2#5folds_cv
0.9003890752792358,0.6746843434343435,0.8394991582491582,0.8051013006990757,ridge-lambda1-r2#5folds_cv
0.9025028944015503,0.6946338383838384,0.8394991582491582,0.8297377978362325,ridge-lambda1-r2#5folds_cv
0.9045606851577759,0.6868055555555556,0.8394991582491582,0.8198778669811632,ridge-lambda1-r2#5folds_cv
0.9069851040840149,0.6965277777777777,0.8394991582491582,0.8323901045236158,ridge-lambda1-r2#5folds_cv
0.9090876579284668,0.6744318181818182,0.8394991582491582,0.8045312487920622,ridge-lambda1-r2#5folds_cv
0.9113465547561646,0.696401515151515,0.8394991582491582,0.8314443269451112,ridge-lambda1-r2#5folds_cv
0.9129622578620911,0.69760101010101,0.8394991582491582,0.8322181952078901,ridge-lambda1-r2#5folds_cv
0.9151765704154968,0.6938762626262627,0.8394991582491582,0.8280352107503008,ridge-lambda1-r2#5folds_cv
0.9168506860733032,0.6914141414141414,0.8394991582491582,0.8251077991783562,ridge-lambda1-r2#5folds_cv
0.9185972213745117,0.6996843434343435,0.8394991582491582,0.835290750301398,ridge-lambda1-r2#5folds_cv
0.9203831553459167,0.7260732323232323,0.8394991582491582,0.8672366625136163,ridge-lambda1-r2#5folds_cv
0.9220593571662903,0.7203282828282829,0.8394991582491582,0.8602898288849253,ridge-lambda1-r2#5folds_cv
0.923570990562439,0.70864898989899,0.8394991582491582,0.8470822426704981,ridge-lambda1-r2#5folds_cv
0.9251742362976074,0.7268308080808081,0.8394991582491582,0.8688322809982967,ridge-lambda1-r2#5folds_cv
0.9267158508300781,0.7027777777777778,0.8394991582491582,0.838653158709479,ridge-lambda1-r2#5folds_cv
0.9280141592025757,0.7027777777777777,0.8394991582491582,0.8390919583959262,ridge-lambda1-r2#5folds_cv
0.9295490980148315,0.720770202020202,0.8394991582491582,0.8599790967973993,ridge-lambda1-r2#5folds_cv
0.9308571815490723,0.7275883838383839,0.8394991582491582,0.8684783363572867,ridge-lambda1-r2#5folds_cv
0.932083785533905,0.7169191919191918,0.8394991582491582,0.8564287889129869,ridge-lambda1-r2#5folds_cv
0.9333987236022949,0.7215277777777778,0.8394991582491582,0.8612994036744716,ridge-lambda1-r2#5folds_cv
0.9346311688423157,0.726010101010101,0.8394991582491582,0.866707055327685,ridge-lambda1-r2#5folds_cv
0.9357742071151733,0.7235479797979798,0.8394991582491582,0.8640303042758393,ridge-lambda1-r2#5folds_cv
0.9368675947189331,0.7238005050505051,0.8394991582491582,0.8653955143299528,ridge-lambda1-r2#5folds_cv
0.9380245208740234,0.7283459595959596,0.8394991582491582,0.869216064967074,ridge-lambda1-r2#5folds_cv
0.9390993118286133,0.7226010101010101,0.8394991582491582,0.8636393592487341,ridge-lambda1-r2#5folds_cv
0.9400926828384399,0.7235479797979798,0.8394991582491582,0.864075166213897,ridge-lambda1-r2#5folds_cv
0.9410700798034668,0.7410353535353535,0.8394991582491582,0.8850906440529533,ridge-lambda1-r2#5folds_cv
0.9420677423477173,0.7382575757575757,0.8394991582491582,0.8814608849033112,ridge-lambda1-r2#5folds_cv
0.9430174827575684,0.7279040404040404,0.8394991582491582,0.8678447531343618,ridge-lambda1-r2#5folds_cv
0.9439135789871216,0.7337121212121213,0.8394991582491582,0.8759960293256388,ridge-lambda1-r2#5folds_cv
0.9447781443595886,0.725189393939394,0.8394991582491582,0.8661134990482454,ridge-lambda1-r2#5folds_cv
0.9456450343132019,0.7374999999999999,0.8394991582491582,0.8810549795468686,ridge-lambda1-r2#5folds_cv
0.946498692035675,0.7335858585858586,0.8394991582491582,0.8745751236364915,ridge-lambda1-r2#5folds_cv
0.9473084211349487,0.7283459595959596,0.8394991582491582,0.8695375117122865,ridge-lambda1-r2#5folds_cv
0.9480765461921692,0.7544823232323232,0.8394991582491582,0.9005860145209211,ridge-lambda1-r2#5folds_cv
0.9488304853439331,0.7349116161616162,0.8394991582491582,0.8772865325562657,ridge-lambda1-r2#5folds_cv
0.9495765566825867,0.7371212121212122,0.8394991582491582,0.8793349371933631,ridge-lambda1-r2#5folds_cv
0.9503116607666016,0.752020202020202,0.8394991582491582,0.8980641035158898,ridge-lambda1-r2#5folds_cv
0.9510294198989868,0.7395833333333333,0.8394991582491582,0.8828422418617169,ridge-lambda1-r2#5folds_cv
0.9517133831977844,0.7506944444444444,0.8394991582491582,0.8966396091289857,ridge-lambda1-r2#5folds_cv
0.9523807764053345,0.747979797979798,0.8394991582491582,0.892705258654359,ridge-lambda1-r2#5folds_cv
0.9530226588249207,0.7458333333333333,0.8394991582491582,0.8897538759786026,ridge-lambda1-r2#5folds_cv
0.9536563158035278,0.7474116161616161,0.8394991582491582,0.8915956504028595,ridge-lambda1-r2#5folds_cv
0.9542765617370605,0.7511363636363636,0.8394991582491582,0.8966664671191595,ridge-lambda1-r2#5folds_cv
0.9548850059509277,0.7429924242424243,0.8394991582491582,0.8870872939177336,ridge-lambda1-r2#5folds_cv
0.9554834365844727,0.7537878787878789,0.8394991582491582,0.9005374124110578,ridge-lambda1-r2#5folds_cv
0.9560670852661133,0.75,0.8394991582491582,0.8956103798524055,ridge-lambda1-r2#5folds_cv
0.9566389322280884,0.7522727272727272,0.8394991582491582,0.8977747731810626,ridge-lambda1-r2#5folds_cv
0.9571943283081055,0.740719696969697,0.8394991582491582,0.8837228633909086,ridge-lambda1-r2#5folds_cv
0.9577390551567078,0.7422979797979798,0.8394991582491582,0.8853697749025293,ridge-lambda1-r2#5folds_cv
0.958269476890564,0.7544191919191918,0.8394991582491582,0.9006639011622934,ridge-lambda1-r2#5folds_cv
0.9587873220443726,0.7558080808080808,0.8394991582491582,0.902738581788697,ridge-lambda1-r2#5folds_cv
0.9592925906181335,0.7727904040404041,0.8394991582491582,0.923065277929122,ridge-lambda1-r2#5folds_cv
0.9597809910774231,0.7538510101010101,0.8394991582491582,0.899906128827713,ridge-lambda1-r2#5folds_cv
0.9602508544921875,0.7676136363636363,0.8394991582491582,0.9167558798557278,ridge-lambda1-r2#5folds_cv
0.9606868028640747,0.7625000000000001,0.8394991582491582,0.9104881880425244,ridge-lambda1-r2#5folds_cv
0.9610670804977417,0.761489898989899,0.8394991582491582,0.9084797803674235,ridge-lambda1-r2#5folds_cv
0.9611746072769165,0.7621212121212121,0.8394991582491582,0.9100763263890997,ridge-lambda1-r2#5folds_cv
0.9612790942192078,0.7613636363636364,0.8394991582491582,0.909124069646615,ridge-lambda1-r2#5folds_cv
0.9613252878189087,0.7532828282828282,0.8394991582491582,0.8999589448065695,ridge-lambda1-r2#5folds_cv
0.9614022970199585,0.7602272727272726,0.8394991582491582,0.9078102600973663,ridge-lambda1-r2#5folds_cv
0.9620789289474487,0.7714646464646464,0.8394991582491582,0.9199430231424441,ridge-lambda1-r2#5folds_cv
0.9636090993881226,0.7559974747474748,0.8394991582491582,0.9027539051097035,ridge-lambda1-r2#5folds_cv
0.9636165499687195,0.7551136363636364,0.8394991582491582,0.9010930109778567,ridge-lambda1-r2#5folds_cv
0.9639753103256226,0.7658459595959596,0.8394991582491582,0.9144659848019565,ridge-lambda1-r2#5folds_cv
0.9643298387527466,0.7593434343434343,0.8394991582491582,0.9059402639462264,ridge-lambda1-r2#5folds_cv
0.9653480648994446,0.765909090909091,0.8394991582491582,0.9133246644869539,ridge-lambda1-r2#5folds_cv
0.9654620289802551,0.7642045454545454,0.8394991582491582,0.9123614228986859,ridge-lambda1-r2#5folds_cv
0.9655055999755859,0.7578914141414141,0.8394991582491582,0.9042766796541928,ridge-lambda1-r2#5folds_cv
0.9662263989448547,0.7732323232323233,0.8394991582491582,0.9228362939611463,ridge-lambda1-r2#5folds_cv
0.9668666124343872,0.7643939393939394,0.8394991582491582,0.9118968149629135,ridge-lambda1-r2#5folds_cv
0.9669017791748047,0.7621843434343434,0.8394991582491582,0.909041397981157,ridge-lambda1-r2#5folds_cv
0.9670587778091431,0.7691919191919191,0.8394991582491582,0.9186135651533124,ridge-lambda1-r2#5folds_cv
0.967730700969696,0.7775883838383839,0.8394991582491582,0.9284065342161757,ridge-lambda1-r2#5folds_cv
0.9682446718215942,0.7704545454545455,0.8394991582491582,0.9200571121966301,ridge-lambda1-r2#5folds_cv
0.9683586955070496,0.7754419191919192,0.8394991582491582,0.9255633786098982,ridge-lambda1-r2#5folds_cv
0.9685910940170288,0.7639520202020201,0.8394991582491582,0.9112855946310607,ridge-lambda1-r2#5folds_cv
0.9691067934036255,0.774810606060606,0.8394991582491582,0.925154410686333,ridge-lambda1-r2#5folds_cv
0.9695342779159546,0.7710858585858585,0.8394991582491582,0.9209256127511387,ridge-lambda1-r2#5folds_cv
0.9697009325027466,0.7684343434343435,0.8394991582491582,0.9171935788069836,ridge-lambda1-r2#5folds_cv
0.969936192035675,0.7608585858585858,0.8394991582491582,0.9078743849289157,ridge-lambda1-r2#5folds_cv
0.9703847765922546,0.7735479797979798,0.8394991582491582,0.9232691289067216,ridge-lambda1-r2#5folds_cv
0.9707434773445129,0.7811868686868687,0.8394991582491582,0.9330975276055016,ridge-lambda1-r2#5folds_cv
0.970929741859436,0.7716540404040404,0.8394991582491582,0.9208305612348671,ridge-lambda1-r2#5folds_cv
0.9711831212043762,0.773800505050505,0.8394991582491582,0.9231662775309447,ridge-lambda1-r2#5folds_cv
0.9715574383735657,0.7717171717171717,0.8394991582491582,0.9212918867006432,ridge-lambda1-r2#5folds_cv
0.9718896746635437,0.7792929292929293,0.8394991582491582,0.9317786149614053,ridge-lambda1-r2#5folds_cv
0.9721046686172485,0.764330808080808,0.8394991582491582,0.9120499126060994,ridge-lambda1-r2#5folds_cv
0.9723232388496399,0.7684974747474748,0.8394991582491582,0.9172663581630973,ridge-lambda1-r2#5folds_cv
0.9726332426071167,0.7693181818181818,0.8394991582491582,0.9193703637005477,ridge-lambda1-r2#5folds_cv
0.9729583859443665,0.7624368686868688,0.8394991582491582,0.9101798810037908,ridge-lambda1-r2#5folds_cv
0.9732158780097961,0.7823232323232323,0.8394991582491582,0.933159342473858,ridge-lambda1-r2#5folds_cv
0.9734247326850891,0.7847853535353536,0.8394991582491582,0.937169752507692,ridge-lambda1-r2#5folds_cv
0.973655104637146,0.7755681818181818,0.8394991582491582,0.9262976606938182,ridge-lambda1-r2#5folds_cv
0.9739348292350769,0.7702651515151515,0.8394991582491582,0.9206933819522893,ridge-lambda1-r2#5folds_cv
0.9742189645767212,0.7826388888888889,0.8394991582491582,0.933628387347056,ridge-lambda1-r2#5folds_cv
0.9744670987129211,0.7837752525252525,0.8394991582491582,0.935543720079005,ridge-lambda1-r2#5folds_cv
0.9746799468994141,0.7837121212121213,0.8394991582491582,0.9354004543773472,ridge-lambda1-r2#5folds_cv
0.9748921394348145,0.7779040404040404,0.8394991582491582,0.9284096880589219,ridge-lambda1-r2#5folds_cv
0.9751266241073608,0.7765151515151516,0.8394991582491582,0.9271005210802336,ridge-lambda1-r2#5folds_cv
0.9753774404525757,0.7862373737373738,0.8394991582491582,0.9388082658427154,ridge-lambda1-r2#5folds_cv
0.9756237864494324,0.7926136363636362,0.8394991582491582,0.946470832361829,ridge-lambda1-r2#5folds_cv
0.9758504033088684,0.7794823232323232,0.8394991582491582,0.9302267058205087,ridge-lambda1-r2#5folds_cv
0.9760586023330688,0.7804924242424243,0.8394991582491582,0.9311110333508792,ridge-lambda1-r2#5folds_cv
0.9762598872184753,0.781439393939394,0.8394991582491582,0.9332897286918629,ridge-lambda1-r2#5folds_cv
0.9764642715454102,0.7755681818181818,0.8394991582491582,0.9251954281360546,ridge-lambda1-r2#5folds_cv
0.9766767621040344,0.775820707070707,0.8394991582491582,0.9251546038343159,ridge-lambda1-r2#5folds_cv
0.976893424987793,0.7873737373737373,0.8394991582491582,0.9395783165887079,ridge-lambda1-r2#5folds_cv
0.9771097302436829,0.7909090909090909,0.8394991582491582,0.9455895188246857,ridge-lambda1-r2#5folds_cv
0.9773210287094116,0.7864267676767677,0.8394991582491582,0.9390809303107657,ridge-lambda1-r2#5folds_cv
0.9775250554084778,0.785479797979798,0.8394991582491582,0.9373950820071536,ridge-lambda1-r2#5folds_cv
0.9777220487594604,0.7863005050505051,0.8394991582491582,0.938202355599214,ridge-lambda1-r2#5folds_cv
0.9779130816459656,0.7844696969696969,0.8394991582491582,0.9360263421644734,ridge-lambda1-r2#5folds_cv
0.9780992269515991,0.7798611111111111,0.8394991582491582,0.930498980756306,ridge-lambda1-r2#5folds_cv
0.9782814979553223,0.7741792929292929,0.8394991582491582,0.9247594079995843,ridge-lambda1-r2#5folds_cv
0.9784595370292664,0.7872474747474748,0.8394991582491582,0.9395782237380483,ridge-lambda1-r2#5folds_cv
0.9786316156387329,0.7889520202020202,0.8394991582491582,0.9419372850764254,ridge-lambda1-r2#5folds_cv
0.978796660900116,0.7852272727272727,0.8394991582491582,0.9384098305363824,ridge-lambda1-r2#5folds_cv
0.9789487719535828,0.7813131313131314,0.8394991582491582,0.9330541106974327,ridge-lambda1-r2#5folds_cv
0.9790854454040527,0.7858585858585858,0.8394991582491582,0.9380899049438737,ridge-lambda1-r2#5folds_cv
0.9791759252548218,0.7804924242424243,0.8394991582491582,0.9318648919979138,ridge-lambda1-r2#5folds_cv
0.9791895151138306,0.7789772727272727,0.8394991582491582,0.9290183206028748,ridge-lambda1-r2#5folds_cv
0.9792425036430359,0.7748737373737373,0.8394991582491582,0.9242911565416354,ridge-lambda1-r2#5folds_cv
0.9792601466178894,0.7808080808080808,0.8394991582491582,0.9315273711646987,ridge-lambda1-r2#5folds_cv
0.9792609214782715,0.7948863636363637,0.8394991582491582,0.9487925293634303,ridge-lambda1-r2#5folds_cv
0.9793413281440735,0.78125,0.8394991582491582,0.9322498633072293,ridge-lambda1-r2#5folds_cv
0.9796949625015259,0.7905934343434344,0.8394991582491582,0.9439892713920999,ridge-lambda1-r2#5folds_cv
0.9802788496017456,0.7912247474747474,0.8394991582491582,0.9448470690529119,ridge-lambda1-r2#5folds_cv
0.9806065559387207,0.7908459595959596,0.8394991582491582,0.9438721445648223,ridge-lambda1-r2#5folds_cv
0.9806216955184937,0.7893939393939393,0.8394991582491582,0.9427583400743295,ridge-lambda1-r2#5folds_cv
0.9806683659553528,0.7883207070707071,0.8394991582491582,0.9410006044340982,ridge-lambda1-r2#5folds_cv
0.9807211756706238,0.7919823232323232,0.8394991582491582,0.945107575161733,ridge-lambda1-r2#5folds_cv
0.9808875918388367,0.7839646464646464,0.8394991582491582,0.9359514067546935,ridge-lambda1-r2#5folds_cv
0.9812864065170288,0.7859848484848485,0.8394991582491582,0.9389587897718633,ridge-lambda1-r2#5folds_cv
0.9815805554389954,0.7934343434343435,0.8394991582491582,0.9469841881704046,ridge-lambda1-r2#5folds_cv
0.9815972447395325,0.7866161616161615,0.8394991582491582,0.9394403908576368,ridge-lambda1-r2#5folds_cv
0.9816367030143738,0.798800505050505,0.8394991582491582,0.9541364162296757,ridge-lambda1-r2#5folds_cv
0.9816441535949707,0.7955176767676768,0.8394991582491582,0.9501254128283568,ridge-lambda1-r2#5folds_cv
0.9818147420883179,0.7827020202020202,0.8394991582491582,0.9344570328513729,ridge-lambda1-r2#5folds_cv
0.9821389317512512,0.7921717171717173,0.8394991582491582,0.9457426255822571,ridge-lambda1-r2#5folds_cv
0.982408881187439,0.7875,0.8394991582491582,0.9396710280420759,ridge-lambda1-r2#5folds_cv
0.9825166463851929,0.7828282828282828,0.8394991582491582,0.9340398130707215,ridge-lambda1-r2#5folds_cv
0.9825286865234375,0.7841540404040405,0.8394991582491582,0.9357441793933715,ridge-lambda1-r2#5folds_cv
0.982567310333252,0.7925505050505051,0.8394991582491582,0.946444091905231,ridge-lambda1-r2#5folds_cv
0.9827286601066589,0.7896464646464647,0.8394991582491582,0.9416330825371757,ridge-lambda1-r2#5folds_cv
0.9829675555229187,0.7929292929292929,0.8394991582491582,0.9473890026462686,ridge-lambda1-r2#5folds_cv
0.9831894636154175,0.7885732323232324,0.8394991582491582,0.9406250988913362,ridge-lambda1-r2#5folds_cv
0.9833040237426758,0.8019570707070707,0.8394991582491582,0.9574202844187925,ridge-lambda1-r2#5folds_cv
0.9833469390869141,0.7849116161616162,0.8394991582491582,0.9370094433173346,ridge-lambda1-r2#5folds_cv
0.9834068417549133,0.7885732323232323,0.8394991582491582,0.9419210981124461,ridge-lambda1-r2#5folds_cv
0.9835208654403687,0.7898989898989899,0.8394991582491582,0.9423891634434044,ridge-lambda1-r2#5folds_cv
0.9837066531181335,0.7925505050505051,0.8394991582491582,0.9458211352824067,ridge-lambda1-r2#5folds_cv
0.9839010238647461,0.8003787878787879,0.8394991582491582,0.9556441900995191,ridge-lambda1-r2#5folds_cv
0.9840456247329712,0.7930555555555556,0.8394991582491582,0.9461503037938135,ridge-lambda1-r2#5folds_cv
0.9841338992118835,0.7882575757575757,0.8394991582491582,0.9411764891125738,ridge-lambda1-r2#5folds_cv
0.9841994047164917,0.793560606060606,0.8394991582491582,0.9472545776926562,ridge-lambda1-r2#5folds_cv
0.9842727780342102,0.7941287878787879,0.8394991582491582,0.9481159848446116,ridge-lambda1-r2#5folds_cv
0.9843727946281433,0.8037878787878788,0.8394991582491582,0.9591565299904672,ridge-lambda1-r2#5folds_cv
0.9845157861709595,0.7958964646464647,0.8394991582491582,0.9505202918399485,ridge-lambda1-r2#5folds_cv
0.9846681356430054,0.8033459595959596,0.8394991582491582,0.9588078677939509,ridge-lambda1-r2#5folds_cv
0.9848125576972961,0.8027777777777778,0.8394991582491582,0.9592986492814057,ridge-lambda1-r2#5folds_cv
0.9849392771720886,0.7983585858585858,0.8394991582491582,0.9529383987714176,ridge-lambda1-r2#5folds_cv
0.9850443005561829,0.7960227272727272,0.8394991582491582,0.9496990935609968,ridge-lambda1-r2#5folds_cv
0.9851340055465698,0.797159090909091,0.8394991582491582,0.952154336255627,ridge-lambda1-r2#5folds_cv
0.9852187037467957,0.7936868686868688,0.8394991582491582,0.9465875736135327,ridge-lambda1-r2#5folds_cv
0.9853028059005737,0.7960227272727273,0.8394991582491582,0.9508294432446683,ridge-lambda1-r2#5folds_cv
0.9853872060775757,0.7981060606060606,0.8394991582491582,0.9524542374140037,ridge-lambda1-r2#5folds_cv
0.9854780435562134,0.809280303030303,0.8394991582491582,0.9670979747337305,ridge-lambda1-r2#5folds_cv
0.9855688214302063,0.8005681818181818,0.8394991582491582,0.9563342109093839,ridge-lambda1-r2#5folds_cv
0.9856672286987305,0.7995580808080809,0.8394991582491582,0.9543021603300978,ridge-lambda1-r2#5folds_cv
0.9857671856880188,0.7904671717171716,0.8394991582491582,0.9439702392474366,ridge-lambda1-r2#5folds_cv
0.9858717918395996,0.8022727272727272,0.8394991582491582,0.9582440808675328,ridge-lambda1-r2#5folds_cv
0.985973060131073,0.7943813131313131,0.8394991582491582,0.9486180851682797,ridge-lambda1-r2#5folds_cv
0.9860756993293762,0.8121843434343434,0.8394991582491582,0.9694937764017799,ridge-lambda1-r2#5folds_cv
0.986173152923584,0.8,0.8394991582491582,0.9548849926475194,ridge-lambda1-r2#5folds_cv
0.9862703084945679,0.7965909090909091,0.8394991582491582,0.9508514465461715,ridge-lambda1-r2#5folds_cv
0.9863624572753906,0.8038510101010101,0.8394991582491582,0.9590804548253312,ridge-lambda1-r2#5folds_cv
0.9864517450332642,0.798800505050505,0.8394991582491582,0.9535356930785573,ridge-lambda1-r2#5folds_cv
0.9865314364433289,0.8032828282828284,0.8394991582491582,0.9589143144719557,ridge-lambda1-r2#5folds_cv
0.9866050481796265,0.8043560606060607,0.8394991582491582,0.9608519203749637,ridge-lambda1-r2#5folds_cv
0.9866629838943481,0.7980429292929293,0.8394991582491582,0.9529308263052352,ridge-lambda1-r2#5folds_cv
0.9867091178894043,0.8051767676767677,0.8394991582491582,0.9612015943914523,ridge-lambda1-r2#5folds_cv
0.9867108464241028,0.8018939393939395,0.8394991582491582,0.956227629451682,ridge-lambda1-r2#5folds_cv
0.9867113828659058,0.7960858585858586,0.8394991582491582,0.9501847384119927,ridge-lambda1-r2#5folds_cv
0.9867116808891296,0.8003787878787878,0.8394991582491582,0.9545592936006484,ridge-lambda1-r2#5folds_cv
0.9867326617240906,0.7912878787878788,0.8394991582491582,0.9445578641837608,ridge-lambda1-r2#5folds_cv
0.9867433309555054,0.7939393939393941,0.8394991582491582,0.9475265417569487,ridge-lambda1-r2#5folds_cv
0.9868694543838501,0.7915404040404042,0.8394991582491582,0.9433448422899218,ridge-lambda1-r2#5folds_cv
0.9871039390563965,0.795959595959596,0.8394991582491582,0.9503436807810856,ridge-lambda1-r2#5folds_cv
0.9874080419540405,0.8019570707070707,0.8394991582491582,0.956414431453649,ridge-lambda1-r2#5folds_cv
0.9876273274421692,0.8021464646464647,0.8394991582491582,0.9583446463618591,ridge-lambda1-r2#5folds_cv
0.9876514673233032,0.7980429292929292,0.8394991582491582,0.9518859606171447,ridge-lambda1-r2#5folds_cv
0.9876534342765808,0.8039772727272727,0.8394991582491582,0.9595818850485731,ridge-lambda1-r2#5folds_cv
0.9877036213874817,0.7966540404040403,0.8394991582491582,0.9507512319511138,ridge-lambda1-r2#5folds_cv
0.9877090454101562,0.7970328282828283,0.8394991582491582,0.9519719655805391,ridge-lambda1-r2#5folds_cv
0.9877158999443054,0.8096590909090909,0.8394991582491582,0.9654837336652592,ridge-lambda1-r2#5folds_cv
0.9878705739974976,0.7982323232323232,0.8394991582491582,0.9526792467695524,ridge-lambda1-r2#5folds_cv
0.9880573153495789,0.8008838383838384,0.8394991582491582,0.9550204356000841,ridge-lambda1-r2#5folds_cv
0.9882354736328125,0.8098484848484848,0.8394991582491582,0.9661828922228011,ridge-lambda1-r2#5folds_cv
0.988357663154602,0.7984848484848486,0.8394991582491582,0.9525935233127885,ridge-lambda1-r2#5folds_cv
0.9884201884269714,0.8037247474747474,0.8394991582491582,0.958672637606448,ridge-lambda1-r2#5folds_cv
0.9884435534477234,0.8219065656565656,0.8394991582491582,0.9809575878132857,ridge-lambda1-r2#5folds_cv
0.9884543418884277,0.7963383838383838,0.8394991582491582,0.9502227802275329,ridge-lambda1-r2#5folds_cv
0.9884845614433289,0.8068813131313131,0.8394991582491582,0.9633629534379984,ridge-lambda1-r2#5folds_cv
0.9885358810424805,0.8139520202020202,0.8394991582491582,0.9710083299589554,ridge-lambda1-r2#5folds_cv
0.9886295199394226,0.8029671717171717,0.8394991582491582,0.9580729807841696,ridge-lambda1-r2#5folds_cv
0.9887416958808899,0.8091540404040405,0.8394991582491582,0.9662061841585758,ridge-lambda1-r2#5folds_cv
0.9888706207275391,0.7953282828282827,0.8394991582491582,0.9494223710686706,ridge-lambda1-r2#5folds_cv
0.9889882206916809,0.8070075757575759,0.8394991582491582,0.9632910244093756,ridge-lambda1-r2#5folds_cv
0.9890840649604797,0.7926767676767676,0.8394991582491582,0.9456343705774146,ridge-lambda1-r2#5folds_cv
0.9891546964645386,0.807070707070707,0.8394991582491582,0.9626582648571278,ridge-lambda1-r2#5folds_cv
0.9892059564590454,0.8073232323232322,0.8394991582491582,0.9634613759819596,ridge-lambda1-r2#5folds_cv
0.9892469644546509,0.8091540404040405,0.8394991582491582,0.965593455923168,ridge-lambda1-r2#5folds_cv
0.9892830848693848,0.8071338383838385,0.8394991582491582,0.963103567697428,ridge-lambda1-r2#5folds_cv
0.9893223643302917,0.802840909090909,0.8394991582491582,0.957529893056019,ridge-lambda1-r2#5folds_cv
0.9893600344657898,0.8211489898989899,0.8394991582491582,0.9804698434934509,ridge-lambda1-r2#5folds_cv
0.9894065856933594,0.803409090909091,0.8394991582491582,0.9582720650840899,ridge-lambda1-r2#5folds_cv
0.9894505739212036,0.8080808080808081,0.8394991582491582,0.9639644540147394,ridge-lambda1-r2#5folds_cv
0.9895089864730835,0.8130681818181819,0.8394991582491582,0.9707334185463095,ridge-lambda1-r2#5folds_cv
0.98956698179245,0.8041666666666667,0.8394991582491582,0.9591941850726884,ridge-lambda1-r2#5folds_cv
0.9896437525749207,0.8039141414141414,0.8394991582491582,0.9582402816338087,ridge-lambda1-r2#5folds_cv
0.9897207021713257,0.811679292929293,0.8394991582491582,0.9676971877078241,ridge-lambda1-r2#5folds_cv
0.9898114204406738,0.8105429292929293,0.8394991582491582,0.967757122145655,ridge-lambda1-r2#5folds_cv
0.9898995161056519,0.7984217171717172,0.8394991582491582,0.9516193248305838,ridge-lambda1-r2#5folds_cv
0.9899913668632507,0.8005050505050505,0.8394991582491582,0.9538730940821791,ridge-lambda1-r2#5folds_cv
0.9900767207145691,0.8138257575757576,0.8394991582491582,0.9713435920524776,ridge-lambda1-r2#5folds_cv
0.03675258532166481,0.5195391414141414,0.8418560606060607,0.620555608623956,cka
0.14404241740703583,0.5472222222222223,0.8418560606060607,0.6542227406540634,cka
0.3195019066333771,0.5483585858585858,0.8418560606060607,0.6552983472265803,cka
0.5168989896774292,0.55625,0.8418560606060607,0.6636957059239367,cka
0.674558699131012,0.5615530303030303,0.8418560606060607,0.6708856791710194,cka
0.7781535983085632,0.5788510101010101,0.8418560606060607,0.691598742023058,cka
0.8435431122779846,0.5848484848484848,0.8418560606060607,0.6994743913352196,cka
0.8853793740272522,0.5971590909090909,0.8418560606060607,0.7151485019522273,cka
0.9124837517738342,0.5956439393939393,0.8418560606060607,0.7116783263069285,cka
0.9301788806915283,0.616729797979798,0.8418560606060607,0.7387327936674395,cka
0.9418435096740723,0.6186868686868687,0.8418560606060607,0.739226780177851,cka
0.9496538639068604,0.6433712121212121,0.8418560606060607,0.7673963102026489,cka
0.9550186991691589,0.638699494949495,0.8418560606060607,0.7626019432945663,cka
0.9588390588760376,0.6464015151515152,0.8418560606060607,0.7709622651020989,cka
0.9616923332214355,0.6472853535353535,0.8418560606060607,0.771776394757697,cka
0.9639463424682617,0.6569444444444443,0.8418560606060607,0.7828330652333473,cka
0.9658344984054565,0.6556186868686869,0.8418560606060607,0.7815904758592124,cka
0.9675036668777466,0.6510732323232323,0.8418560606060607,0.7762277947948147,cka
0.9690381288528442,0.6482323232323233,0.8418560606060607,0.7728332357103458,cka
0.9704830050468445,0.6620580808080807,0.8418560606060607,0.7900670794053231,cka
0.971859335899353,0.6659722222222223,0.8418560606060607,0.7929657399091752,cka
0.9731717705726624,0.6556186868686869,0.8418560606060607,0.7810374549946074,cka
0.9744184017181396,0.6676767676767676,0.8418560606060607,0.7958946027303284,cka
0.9755951166152954,0.6815656565656565,0.8418560606060607,0.8121505188852632,cka
0.9766979813575745,0.6793560606060606,0.8418560606060607,0.8086774955660104,cka
0.9777258038520813,0.6860479797979798,0.8418560606060607,0.8172630614764919,cka
0.9786800742149353,0.685479797979798,0.8418560606060607,0.8171240239844993,cka
0.9795650839805603,0.6798611111111111,0.8418560606060607,0.8090345802056036,cka
0.9803861975669861,0.7002525252525252,0.8418560606060607,0.8343684212905292,cka
0.9811512231826782,0.7001262626262625,0.8418560606060607,0.8335010095527198,cka
0.9818659424781799,0.6876893939393939,0.8418560606060607,0.817428418096918,cka
0.9825395345687866,0.6901515151515152,0.8418560606060607,0.8212890933729091,cka
0.9831761717796326,0.694570707070707,0.8418560606060607,0.8260105807842235,cka
0.9837856292724609,0.6933080808080808,0.8418560606060607,0.8252297762143007,cka
0.9843707084655762,0.7021464646464647,0.8418560606060607,0.8357709768881831,cka
0.9849350452423096,0.700189393939394,0.8418560606060607,0.833329745020282,cka
0.9854788780212402,0.7036616161616162,0.8418560606060607,0.8376337346219014,cka
0.9860028624534607,0.6942550505050504,0.8418560606060607,0.8253312979040686,cka
0.9865039587020874,0.7059974747474748,0.8418560606060607,0.8406821231018955,cka
0.9869781732559204,0.7118055555555556,0.8418560606060607,0.8465499447922944,cka
0.9874235391616821,0.7031565656565656,0.8418560606060607,0.8370875777711635,cka
0.9878392815589905,0.6974747474747475,0.8418560606060607,0.8306702141125033,cka
0.9882241487503052,0.7179292929292929,0.8418560606060607,0.854842497365594,cka
0.9885790348052979,0.7133838383838383,0.8418560606060607,0.8489563244261822,cka
0.9889082312583923,0.7139520202020201,0.8418560606060607,0.8508453513858723,cka
0.989211916923523,0.7140782828282828,0.8418560606060607,0.8502269054976634,cka
0.989497184753418,0.7208964646464646,0.8418560606060607,0.8568225679778083,cka
0.9897669553756714,0.7214646464646465,0.8418560606060607,0.8586744680406346,cka
0.9900255799293518,0.7289772727272728,0.8418560606060607,0.868069272483457,cka
0.024498283863067627,0.5066919191919191,0.8392676767676768,0.6066803466980079,cka-angular-score
0.09161573648452759,0.5191919191919192,0.8392676767676768,0.6236869021728473,cka-angular-score
0.2053571343421936,0.522159090909091,0.8392676767676768,0.6253122418021325,cka-angular-score
0.34545624256134033,0.54760101010101,0.8392676767676768,0.6557224003749441,cka-angular-score
0.4741328954696655,0.5369318181818181,0.8392676767676768,0.6443084461843727,cka-angular-score
0.5725119709968567,0.5612373737373737,0.8392676767676768,0.6723074616536947,cka-angular-score
0.6449695825576782,0.5662878787878788,0.8392676767676768,0.6789574969726504,cka-angular-score
0.6993570327758789,0.5922979797979798,0.8392676767676768,0.7089227076193445,cka-angular-score
0.7404158711433411,0.5930555555555554,0.8392676767676768,0.7107899194235232,cka-angular-score
0.7711951732635498,0.5881313131313131,0.8392676767676768,0.7035647244633572,cka-angular-score
0.7941378355026245,0.603030303030303,0.8392676767676768,0.721927038975373,cka-angular-score
0.8111772537231445,0.6220959595959596,0.8392676767676768,0.7441397587240337,cka-angular-score
0.8238449096679688,0.6159090909090909,0.8392676767676768,0.737101796054269,cka-angular-score
0.8334095478057861,0.6354166666666667,0.8392676767676768,0.7592740807477383,cka-angular-score
0.8409085869789124,0.6507575757575758,0.8392676767676768,0.7779642610805798,cka-angular-score
0.8471518754959106,0.6648358585858586,0.8392676767676768,0.7943750854105852,cka-angular-score
0.8527214527130127,0.6615530303030304,0.8392676767676768,0.7906335018823443,cka-angular-score
0.8579695224761963,0.660479797979798,0.8392676767676768,0.7892400311551845,cka-angular-score
0.8630552887916565,0.6535353535353536,0.8392676767676768,0.7801594833527694,cka-angular-score
0.8679852485656738,0.6619949494949495,0.8392676767676768,0.79018178572741,cka-angular-score
0.8727397322654724,0.6767045454545455,0.8392676767676768,0.8096055479310669,cka-angular-score
0.8773110508918762,0.6647095959595959,0.8392676767676768,0.7944084892703722,cka-angular-score
0.8817200064659119,0.6828914141414142,0.8392676767676768,0.8175916328450347,cka-angular-score
0.8859735727310181,0.6851641414141414,0.8392676767676768,0.8186793719029197,cka-angular-score
0.8900572061538696,0.6875631313131314,0.8392676767676768,0.8212686776264859,cka-angular-score
0.8939340114593506,0.6960858585858586,0.8392676767676768,0.8316701843273957,cka-angular-score
0.8975645303726196,0.7008838383838384,0.8392676767676768,0.8381228880224467,cka-angular-score
0.9009299874305725,0.7018308080808081,0.8392676767676768,0.8384075883690898,cka-angular-score
0.9040326476097107,0.7117424242424243,0.8392676767676768,0.8499237683464784,cka-angular-score
0.9069141149520874,0.7003156565656565,0.8392676767676768,0.8355732438491077,cka-angular-score
0.9096509218215942,0.7011994949494951,0.8392676767676768,0.836177135303673,cka-angular-score
0.9123243689537048,0.7195075757575757,0.8392676767676768,0.859117294008477,cka-angular-score
0.9149773120880127,0.7238636363636364,0.8392676767676768,0.8635348147575117,cka-angular-score
0.9176257848739624,0.7143939393939395,0.8392676767676768,0.8535725101255219,cka-angular-score
0.9202326536178589,0.725,0.8392676767676768,0.8645280505400855,cka-angular-score
0.9227739572525024,0.7275252525252525,0.8392676767676768,0.8672379731094484,cka-angular-score
0.9252651929855347,0.7328282828282827,0.8392676767676768,0.8740392712980045,cka-angular-score
0.9277209639549255,0.734659090909091,0.8392676767676768,0.8760185455138187,cka-angular-score
0.930150032043457,0.7356060606060606,0.8392676767676768,0.8775026195750821,cka-angular-score
0.9325413107872009,0.7328282828282828,0.8392676767676768,0.8732932961262967,cka-angular-score
0.9348610639572144,0.7408459595959596,0.8392676767676768,0.8837802381638599,cka-angular-score
0.9370840191841125,0.740909090909091,0.8392676767676768,0.8839056664253153,cka-angular-score
0.9392008781433105,0.7535353535353535,0.8392676767676768,0.8984530874706035,cka-angular-score
0.9412273168563843,0.7434974747474747,0.8392676767676768,0.8857079097087974,cka-angular-score
0.9431653618812561,0.7556818181818182,0.8392676767676768,0.9007896824856639,cka-angular-score
0.9450078010559082,0.7541035353535354,0.8392676767676768,0.8978660591684032,cka-angular-score
0.9467783570289612,0.7653409090909091,0.8392676767676768,0.9123764798253557,cka-angular-score
0.9484918117523193,0.7696969696969698,0.8392676767676768,0.917580074197363,cka-angular-score
0.9501252174377441,0.7671717171717172,0.8392676767676768,0.9140753376721469,cka-angular-score
0.9516695737838745,0.7713383838383838,0.8392676767676768,0.9196248022857936,cka-angular-score
0.9531485438346863,0.7702020202020202,0.8392676767676768,0.9165428183180605,cka-angular-score
0.9545685648918152,0.7584595959595959,0.8392676767676768,0.9029609290191991,cka-angular-score
0.955944836139679,0.7606060606060605,0.8392676767676768,0.9051617318351545,cka-angular-score
0.957289457321167,0.7775252525252525,0.8392676767676768,0.9263174181653147,cka-angular-score
0.9586012363433838,0.7798611111111112,0.8392676767676768,0.9283294588335724,cka-angular-score
0.9598275423049927,0.7727272727272727,0.8392676767676768,0.9191980267250723,cka-angular-score
0.9609565734863281,0.7883207070707071,0.8392676767676768,0.9387002404680694,cka-angular-score
0.9620369672775269,0.7664772727272727,0.8392676767676768,0.9124286304254497,cka-angular-score
0.9630723595619202,0.7648358585858586,0.8392676767676768,0.9105400284919064,cka-angular-score
0.9641011953353882,0.7779040404040404,0.8392676767676768,0.9265840436726163,cka-angular-score
0.965116024017334,0.7821338383838383,0.8392676767676768,0.9309647516543186,cka-angular-score
0.9661005735397339,0.7659722222222222,0.8392676767676768,0.9117609925028028,cka-angular-score
0.9670557975769043,0.7830176767676768,0.8392676767676768,0.932503837611381,cka-angular-score
0.9680100679397583,0.7808712121212121,0.8392676767676768,0.9295128975296328,cka-angular-score
0.968916654586792,0.7911616161616162,0.8392676767676768,0.942976412028512,cka-angular-score
0.9698087573051453,0.7943181818181818,0.8392676767676768,0.9459329342840044,cka-angular-score
0.9706513285636902,0.7815025252525252,0.8392676767676768,0.930331011382989,cka-angular-score
0.971440851688385,0.7836489898989899,0.8392676767676768,0.9329268392274355,cka-angular-score
0.9721876382827759,0.798989898989899,0.8392676767676768,0.9515612870319463,cka-angular-score
0.9729478359222412,0.7837121212121212,0.8392676767676768,0.9323258145423625,cka-angular-score
0.9736666083335876,0.7837121212121212,0.8392676767676768,0.9324543153133926,cka-angular-score
0.9743677973747253,0.8024621212121212,0.8392676767676768,0.9548166417456754,cka-angular-score
0.9750683307647705,0.800820707070707,0.8392676767676768,0.9530757646247154,cka-angular-score
0.9757363200187683,0.7950757575757575,0.8392676767676768,0.9465591144000737,cka-angular-score
0.9764129519462585,0.8071969696969696,0.8392676767676768,0.9611743870440022,cka-angular-score
0.9770610928535461,0.8045454545454546,0.8392676767676768,0.9575468088622545,cka-angular-score
0.9777172207832336,0.8053030303030303,0.8392676767676768,0.9589041517870132,cka-angular-score
0.9783396124839783,0.8110479797979797,0.8392676767676768,0.9666034999888524,cka-angular-score
0.9789230823516846,0.8037878787878788,0.8392676767676768,0.9575878511304439,cka-angular-score
0.9795007109642029,0.8101641414141414,0.8392676767676768,0.9651456631992638,cka-angular-score
0.9800562858581543,0.8129419191919192,0.8392676767676768,0.9680182932099024,cka-angular-score
0.9805879592895508,0.8129419191919193,0.8392676767676768,0.9679091667059494,cka-angular-score
0.9811243414878845,0.8153409090909091,0.8392676767676768,0.9713969374058018,cka-angular-score
0.9816210865974426,0.811679292929293,0.8392676767676768,0.9666894115509012,cka-angular-score
0.9821383953094482,0.8131944444444444,0.8392676767676768,0.9681813332302984,cka-angular-score
0.9826057553291321,0.803409090909091,0.8392676767676768,0.9571387452761713,cka-angular-score
0.9831031560897827,0.8142045454545453,0.8392676767676768,0.9698631531842797,cka-angular-score
0.9835671186447144,0.8137626262626262,0.8392676767676768,0.9692609021118969,cka-angular-score
0.9840293526649475,0.8115530303030303,0.8392676767676768,0.966100687598289,cka-angular-score
0.9844431281089783,0.8147095959595959,0.8392676767676768,0.9702399983352004,cka-angular-score
0.9849162101745605,0.8190656565656567,0.8392676767676768,0.9750619042460154,cka-angular-score
0.9853484630584717,0.8200757575757576,0.8392676767676768,0.9764701881254473,cka-angular-score
0.9856922030448914,0.8077020202020202,0.8392676767676768,0.9609587764978231,cka-angular-score
0.9860981106758118,0.8171085858585859,0.8392676767676768,0.9731511286103569,cka-angular-score
0.9864804744720459,0.8229166666666667,0.8392676767676768,0.9793083093604931,cka-angular-score
0.9868831634521484,0.8296717171717173,0.8392676767676768,0.9876789387189394,cka-angular-score
0.987201988697052,0.817739898989899,0.8392676767676768,0.9739321784572205,cka-angular-score
0.9875619411468506,0.8255050505050505,0.8392676767676768,0.9834343336095701,cka-angular-score
0.987938642501831,0.8193181818181818,0.8392676767676768,0.9755923759088484,cka-angular-score
0.9882449507713318,0.8317550505050506,0.8392676767676768,0.9915462367774077,cka-angular-score
0.9886038899421692,0.8192550505050504,0.8392676767676768,0.9757332840375211,cka-angular-score
0.9889112114906311,0.8210858585858586,0.8392676767676768,0.9784066271703329,cka-angular-score
0.9892789721488953,0.8238636363636364,0.8392676767676768,0.9810098324396308,cka-angular-score
0.9895182251930237,0.8252525252525252,0.8392676767676768,0.9830239360656935,cka-angular-score
0.9897701740264893,0.82885101010101,0.8392676767676768,0.9873224868925206,cka-angular-score
0.990062415599823,0.8282828282828283,0.8392676767676768,0.9867596784076926,cka-angular-score
