,score,decoding_accuracy,measure,dataset,decode.texture_type
0,0.15163419,0.8203592814371259,cka,FreemanZiemba2013,0.5074074074074074
1,0.15163419,0.8263473053892215,cka,FreemanZiemba2013,0.5111111111111111
2,0.27323163,0.88622754491018,cka,FreemanZiemba2013,0.5481481481481483
3,0.43941003,0.9580838323353293,cka,FreemanZiemba2013,0.5925925925925926
4,0.607504,0.9820359281437127,cka,FreemanZiemba2013,0.6074074074074074
5,0.73115855,1.0239520958083832,cka,FreemanZiemba2013,0.6333333333333333
6,0.8062,1.0179640718562877,cka,FreemanZiemba2013,0.6296296296296298
7,0.85138243,1.0,cka,FreemanZiemba2013,0.6185185185185185
8,0.8805085,1.101796407185629,cka,FreemanZiemba2013,0.6814814814814816
9,0.9004447,1.0479041916167666,cka,FreemanZiemba2013,0.6481481481481481
10,0.91460925,1.0718562874251498,cka,FreemanZiemba2013,0.662962962962963
11,0.9249501,1.125748502994012,cka,FreemanZiemba2013,0.6962962962962962
12,0.9327426,1.1137724550898205,cka,FreemanZiemba2013,0.6888888888888889
13,0.9388757,1.1856287425149699,cka,FreemanZiemba2013,0.7333333333333332
14,0.9439616,1.1736526946107784,cka,FreemanZiemba2013,0.7259259259259259
15,0.9483945,1.191616766467066,cka,FreemanZiemba2013,0.737037037037037
16,0.9524042,1.1676646706586828,cka,FreemanZiemba2013,0.7222222222222223
17,0.9561048,1.2035928143712575,cka,FreemanZiemba2013,0.7444444444444444
18,0.9595365,1.18562874251497,cka,FreemanZiemba2013,0.7333333333333333
19,0.9626989,1.227544910179641,cka,FreemanZiemba2013,0.7592592592592593
20,0.96557695,1.1796407185628743,cka,FreemanZiemba2013,0.7296296296296296
21,0.96815836,1.215568862275449,cka,FreemanZiemba2013,0.7518518518518518
22,0.97044533,1.2035928143712575,cka,FreemanZiemba2013,0.7444444444444445
23,0.9724577,1.2095808383233533,cka,FreemanZiemba2013,0.7481481481481481
24,0.97423005,1.2455089820359282,cka,FreemanZiemba2013,0.7703703703703704
25,0.97580695,1.2455089820359282,cka,FreemanZiemba2013,0.7703703703703704
26,0.97723323,1.227544910179641,cka,FreemanZiemba2013,0.7592592592592593
27,0.9785486,1.245508982035928,cka,FreemanZiemba2013,0.7703703703703703
28,0.9797836,1.2634730538922156,cka,FreemanZiemba2013,0.7814814814814814
29,0.9809563,1.2634730538922156,cka,FreemanZiemba2013,0.7814814814814814
30,0.98207456,1.2814371257485029,cka,FreemanZiemba2013,0.7925925925925925
31,0.9831381,1.2754491017964074,cka,FreemanZiemba2013,0.788888888888889
32,0.9841415,1.2335329341317365,cka,FreemanZiemba2013,0.7629629629629628
33,0.985079,1.25748502994012,cka,FreemanZiemba2013,0.7777777777777778
34,0.98594666,1.2814371257485029,cka,FreemanZiemba2013,0.7925925925925925
35,0.9867443,1.2634730538922156,cka,FreemanZiemba2013,0.7814814814814814
36,0.98747575,1.2874251497005988,cka,FreemanZiemba2013,0.7962962962962963
37,0.9881488,1.2694610778443116,cka,FreemanZiemba2013,0.7851851851851852
38,0.9887725,1.221556886227545,cka,FreemanZiemba2013,0.7555555555555555
39,0.98935604,1.2634730538922156,cka,FreemanZiemba2013,0.7814814814814814
40,0.9899073,1.2814371257485029,cka,FreemanZiemba2013,0.7925925925925925
41,0.99043125,1.2395209580838324,cka,FreemanZiemba2013,0.7666666666666666
0,0.10125893,0.8757763975155279,cka-angular-score,FreemanZiemba2013,0.5222222222222223
1,0.10125893,0.9006211180124224,cka-angular-score,FreemanZiemba2013,0.5370370370370371
2,0.18540084,0.9316770186335404,cka-angular-score,FreemanZiemba2013,0.5555555555555556
3,0.3040772,0.9565217391304348,cka-angular-score,FreemanZiemba2013,0.5703703703703704
4,0.430556,0.9689440993788818,cka-angular-score,FreemanZiemba2013,0.5777777777777777
5,0.5320363,1.0434782608695652,cka-angular-score,FreemanZiemba2013,0.6222222222222222
6,0.60254514,1.0372670807453415,cka-angular-score,FreemanZiemba2013,0.6185185185185185
7,0.6527635,1.049689440993789,cka-angular-score,FreemanZiemba2013,0.625925925925926
8,0.6908185,1.0496894409937887,cka-angular-score,FreemanZiemba2013,0.6259259259259259
9,0.7206203,1.1614906832298137,cka-angular-score,FreemanZiemba2013,0.6925925925925926
10,0.7440934,1.15527950310559,cka-angular-score,FreemanZiemba2013,0.6888888888888889
11,0.76260895,1.1304347826086956,cka-angular-score,FreemanZiemba2013,0.674074074074074
12,0.77759564,1.2298136645962732,cka-angular-score,FreemanZiemba2013,0.7333333333333333
13,0.7905215,1.2795031055900623,cka-angular-score,FreemanZiemba2013,0.7629629629629631
14,0.8025504,1.2670807453416149,cka-angular-score,FreemanZiemba2013,0.7555555555555555
15,0.8142779,1.2236024844720497,cka-angular-score,FreemanZiemba2013,0.7296296296296296
16,0.8257297,1.2422360248447204,cka-angular-score,FreemanZiemba2013,0.7407407407407407
17,0.83658713,1.322981366459627,cka-angular-score,FreemanZiemba2013,0.7888888888888888
18,0.8465001,1.2670807453416149,cka-angular-score,FreemanZiemba2013,0.7555555555555555
19,0.8553265,1.3416149068322982,cka-angular-score,FreemanZiemba2013,0.8
20,0.8631867,1.2919254658385093,cka-angular-score,FreemanZiemba2013,0.7703703703703704
21,0.870363,1.3291925465838508,cka-angular-score,FreemanZiemba2013,0.7925925925925925
22,0.8771333,1.3167701863354035,cka-angular-score,FreemanZiemba2013,0.7851851851851851
23,0.88366574,1.3540372670807452,cka-angular-score,FreemanZiemba2013,0.8074074074074074
24,0.8899927,1.3229813664596273,cka-angular-score,FreemanZiemba2013,0.7888888888888889
25,0.8960527,1.322981366459627,cka-angular-score,FreemanZiemba2013,0.7888888888888888
26,0.90176666,1.3478260869565217,cka-angular-score,FreemanZiemba2013,0.8037037037037037
27,0.9071146,1.3167701863354038,cka-angular-score,FreemanZiemba2013,0.7851851851851852
28,0.9121678,1.3291925465838508,cka-angular-score,FreemanZiemba2013,0.7925925925925925
29,0.9170415,1.3167701863354038,cka-angular-score,FreemanZiemba2013,0.7851851851851852
30,0.9217949,1.3354037267080745,cka-angular-score,FreemanZiemba2013,0.7962962962962963
31,0.9263874,1.3416149068322982,cka-angular-score,FreemanZiemba2013,0.8
32,0.9307172,1.3043478260869568,cka-angular-score,FreemanZiemba2013,0.7777777777777779
33,0.934723,1.3229813664596275,cka-angular-score,FreemanZiemba2013,0.788888888888889
34,0.93841994,1.3229813664596275,cka-angular-score,FreemanZiemba2013,0.788888888888889
35,0.94186217,1.360248447204969,cka-angular-score,FreemanZiemba2013,0.8111111111111111
36,0.945102,1.3416149068322982,cka-angular-score,FreemanZiemba2013,0.8
37,0.948181,1.3229813664596275,cka-angular-score,FreemanZiemba2013,0.788888888888889
38,0.9511248,1.2919254658385093,cka-angular-score,FreemanZiemba2013,0.7703703703703704
39,0.9539113,1.3043478260869568,cka-angular-score,FreemanZiemba2013,0.7777777777777779
40,0.95650595,1.2981366459627328,cka-angular-score,FreemanZiemba2013,0.774074074074074
41,0.9589131,1.3167701863354038,cka-angular-score,FreemanZiemba2013,0.7851851851851852
42,0.96120626,1.2981366459627328,cka-angular-score,FreemanZiemba2013,0.774074074074074
43,0.96344864,1.3540372670807452,cka-angular-score,FreemanZiemba2013,0.8074074074074074
44,0.96562624,1.329192546583851,cka-angular-score,FreemanZiemba2013,0.7925925925925926
45,0.96768165,1.2919254658385093,cka-angular-score,FreemanZiemba2013,0.7703703703703704
46,0.9695997,1.3043478260869565,cka-angular-score,FreemanZiemba2013,0.7777777777777778
47,0.97135806,1.279503105590062,cka-angular-score,FreemanZiemba2013,0.762962962962963
48,0.9729585,1.2919254658385093,cka-angular-score,FreemanZiemba2013,0.7703703703703704
49,0.97453237,1.3291925465838508,cka-angular-score,FreemanZiemba2013,0.7925925925925925
50,0.97606725,1.3043478260869565,cka-angular-score,FreemanZiemba2013,0.7777777777777778
51,0.9774649,1.2732919254658386,cka-angular-score,FreemanZiemba2013,0.7592592592592593
52,0.9787393,1.2919254658385089,cka-angular-score,FreemanZiemba2013,0.7703703703703701
53,0.9799223,1.3167701863354038,cka-angular-score,FreemanZiemba2013,0.7851851851851852
54,0.9811512,1.3416149068322982,cka-angular-score,FreemanZiemba2013,0.8
55,0.98234797,1.2919254658385093,cka-angular-score,FreemanZiemba2013,0.7703703703703704
56,0.9833393,1.3416149068322982,cka-angular-score,FreemanZiemba2013,0.8
57,0.98428863,1.31055900621118,cka-angular-score,FreemanZiemba2013,0.7814814814814814
58,0.98523843,1.2919254658385093,cka-angular-score,FreemanZiemba2013,0.7703703703703704
59,0.9861312,1.3167701863354035,cka-angular-score,FreemanZiemba2013,0.7851851851851851
60,0.98687214,1.2981366459627328,cka-angular-score,FreemanZiemba2013,0.774074074074074
61,0.98764575,1.298136645962733,cka-angular-score,FreemanZiemba2013,0.7740740740740741
62,0.9884272,1.2732919254658384,cka-angular-score,FreemanZiemba2013,0.7592592592592592
63,0.989129,1.3167701863354035,cka-angular-score,FreemanZiemba2013,0.7851851851851851
64,0.9897136,1.2670807453416149,cka-angular-score,FreemanZiemba2013,0.7555555555555555
65,0.99028367,1.2857142857142858,cka-angular-score,FreemanZiemba2013,0.7666666666666667
0,0.4991427,0.8448275862068968,nbs,FreemanZiemba2013,0.5444444444444445
1,0.4991427,0.7586206896551724,nbs,FreemanZiemba2013,0.4888888888888888
2,0.5645444,0.8908045977011495,nbs,FreemanZiemba2013,0.5740740740740741
3,0.6255372,0.9827586206896552,nbs,FreemanZiemba2013,0.6333333333333333
4,0.68116474,0.971264367816092,nbs,FreemanZiemba2013,0.6259259259259259
5,0.7309718,1.0517241379310347,nbs,FreemanZiemba2013,0.6777777777777778
6,0.77487427,1.1034482758620694,nbs,FreemanZiemba2013,0.7111111111111112
7,0.81304175,1.120689655172414,nbs,FreemanZiemba2013,0.7222222222222222
8,0.8458096,1.149425287356322,nbs,FreemanZiemba2013,0.7407407407407407
9,0.8736171,1.149425287356322,nbs,FreemanZiemba2013,0.7407407407407407
10,0.8969606,1.132183908045977,nbs,FreemanZiemba2013,0.7296296296296295
11,0.91635674,1.206896551724138,nbs,FreemanZiemba2013,0.7777777777777777
12,0.93231755,1.1551724137931036,nbs,FreemanZiemba2013,0.7444444444444445
13,0.9453311,1.206896551724138,nbs,FreemanZiemba2013,0.7777777777777777
14,0.95585024,1.1954022988505748,nbs,FreemanZiemba2013,0.7703703703703704
15,0.96428776,1.2413793103448278,nbs,FreemanZiemba2013,0.8
16,0.97100973,1.2126436781609196,nbs,FreemanZiemba2013,0.7814814814814814
17,0.9763353,1.1839080459770115,nbs,FreemanZiemba2013,0.7629629629629628
18,0.9805379,1.2413793103448274,nbs,FreemanZiemba2013,0.7999999999999998
19,0.98384696,1.1839080459770117,nbs,FreemanZiemba2013,0.762962962962963
20,0.9864526,1.1896551724137931,nbs,FreemanZiemba2013,0.7666666666666666
21,0.988509,1.1839080459770115,nbs,FreemanZiemba2013,0.7629629629629628
22,0.99013996,1.1954022988505748,nbs,FreemanZiemba2013,0.7703703703703704
0,0.33134538,0.8502994011976048,procrustes-angular-score,FreemanZiemba2013,0.5259259259259259
1,0.33134538,0.8143712574850301,procrustes-angular-score,FreemanZiemba2013,0.5037037037037038
2,0.38075638,0.946107784431138,procrustes-angular-score,FreemanZiemba2013,0.5851851851851853
3,0.42940873,0.9820359281437127,procrustes-angular-score,FreemanZiemba2013,0.6074074074074074
4,0.4766662,1.095808383233533,procrustes-angular-score,FreemanZiemba2013,0.6777777777777778
5,0.52208936,1.095808383233533,procrustes-angular-score,FreemanZiemba2013,0.6777777777777778
6,0.5654066,1.1796407185628743,procrustes-angular-score,FreemanZiemba2013,0.7296296296296296
7,0.60646844,1.2455089820359282,procrustes-angular-score,FreemanZiemba2013,0.7703703703703704
8,0.645214,1.2035928143712575,procrustes-angular-score,FreemanZiemba2013,0.7444444444444445
9,0.6816385,1.215568862275449,procrustes-angular-score,FreemanZiemba2013,0.7518518518518518
10,0.71576947,1.2634730538922156,procrustes-angular-score,FreemanZiemba2013,0.7814814814814814
11,0.747651,1.2395209580838324,procrustes-angular-score,FreemanZiemba2013,0.7666666666666667
12,0.7773194,1.2634730538922156,procrustes-angular-score,FreemanZiemba2013,0.7814814814814814
13,0.8048059,1.221556886227545,procrustes-angular-score,FreemanZiemba2013,0.7555555555555555
14,0.8301338,1.2694610778443116,procrustes-angular-score,FreemanZiemba2013,0.7851851851851852
15,0.8533075,1.227544910179641,procrustes-angular-score,FreemanZiemba2013,0.7592592592592593
16,0.8743223,1.2395209580838324,procrustes-angular-score,FreemanZiemba2013,0.7666666666666666
17,0.8931527,1.2694610778443112,procrustes-angular-score,FreemanZiemba2013,0.785185185185185
18,0.90975344,1.2934131736526946,procrustes-angular-score,FreemanZiemba2013,0.7999999999999999
19,0.92403156,1.3053892215568863,procrustes-angular-score,FreemanZiemba2013,0.8074074074074074
20,0.9358881,1.2994011976047908,procrustes-angular-score,FreemanZiemba2013,0.8037037037037038
21,0.9452237,1.2514970059880242,procrustes-angular-score,FreemanZiemba2013,0.7740740740740741
22,0.9519888,1.215568862275449,procrustes-angular-score,FreemanZiemba2013,0.7518518518518518
23,0.95634115,1.2634730538922156,procrustes-angular-score,FreemanZiemba2013,0.7814814814814814
24,0.9587639,1.2035928143712575,procrustes-angular-score,FreemanZiemba2013,0.7444444444444445
25,0.95992213,1.1976047904191618,procrustes-angular-score,FreemanZiemba2013,0.7407407407407407
26,0.9605366,1.2574850299401197,procrustes-angular-score,FreemanZiemba2013,0.7777777777777777
27,0.96118194,1.227544910179641,procrustes-angular-score,FreemanZiemba2013,0.7592592592592593
28,0.96219075,1.221556886227545,procrustes-angular-score,FreemanZiemba2013,0.7555555555555555
29,0.96372545,1.2934131736526946,procrustes-angular-score,FreemanZiemba2013,0.7999999999999999
30,0.96584344,1.2335329341317367,procrustes-angular-score,FreemanZiemba2013,0.762962962962963
31,0.9685034,1.2395209580838324,procrustes-angular-score,FreemanZiemba2013,0.7666666666666666
32,0.9715919,1.2335329341317365,procrustes-angular-score,FreemanZiemba2013,0.7629629629629628
33,0.9749157,1.2335329341317365,procrustes-angular-score,FreemanZiemba2013,0.7629629629629628
34,0.978194,1.2574850299401197,procrustes-angular-score,FreemanZiemba2013,0.7777777777777777
35,0.9810872,1.2455089820359282,procrustes-angular-score,FreemanZiemba2013,0.7703703703703704
36,0.9832079,1.2455089820359282,procrustes-angular-score,FreemanZiemba2013,0.7703703703703704
37,0.98438734,1.2455089820359282,procrustes-angular-score,FreemanZiemba2013,0.7703703703703704
38,0.9847696,1.2754491017964071,procrustes-angular-score,FreemanZiemba2013,0.7888888888888889
39,0.98481727,1.2694610778443114,procrustes-angular-score,FreemanZiemba2013,0.7851851851851851
40,0.98490983,1.281437125748503,procrustes-angular-score,FreemanZiemba2013,0.7925925925925926
41,0.98539966,1.227544910179641,procrustes-angular-score,FreemanZiemba2013,0.7592592592592593
42,0.98634356,1.25748502994012,procrustes-angular-score,FreemanZiemba2013,0.7777777777777778
43,0.9877124,1.3053892215568863,procrustes-angular-score,FreemanZiemba2013,0.8074074074074074
44,0.9893513,1.2335329341317367,procrustes-angular-score,FreemanZiemba2013,0.7629629629629631
45,0.99082065,1.2574850299401197,procrustes-angular-score,FreemanZiemba2013,0.7777777777777777
0,0.15384343,0.8869047619047619,rsa-correlation-corr,FreemanZiemba2013,0.5518518518518518
1,0.15384343,0.9345238095238095,rsa-correlation-corr,FreemanZiemba2013,0.5814814814814815
2,0.27888998,0.9642857142857142,rsa-correlation-corr,FreemanZiemba2013,0.6
3,0.44994694,0.9404761904761906,rsa-correlation-corr,FreemanZiemba2013,0.5851851851851853
4,0.62155205,0.988095238095238,rsa-correlation-corr,FreemanZiemba2013,0.6148148148148148
5,0.7445565,0.9642857142857144,rsa-correlation-corr,FreemanZiemba2013,0.6000000000000001
6,0.81618303,0.994047619047619,rsa-correlation-corr,FreemanZiemba2013,0.6185185185185185
7,0.8578868,1.0119047619047619,rsa-correlation-corr,FreemanZiemba2013,0.6296296296296297
8,0.88448006,1.0595238095238095,rsa-correlation-corr,FreemanZiemba2013,0.6592592592592592
9,0.90286094,1.0952380952380951,rsa-correlation-corr,FreemanZiemba2013,0.6814814814814815
10,0.916196,1.0654761904761905,rsa-correlation-corr,FreemanZiemba2013,0.662962962962963
11,0.9261478,1.0952380952380951,rsa-correlation-corr,FreemanZiemba2013,0.6814814814814814
12,0.9337512,1.119047619047619,rsa-correlation-corr,FreemanZiemba2013,0.6962962962962963
13,0.93973505,1.0654761904761905,rsa-correlation-corr,FreemanZiemba2013,0.662962962962963
14,0.9446296,1.130952380952381,rsa-correlation-corr,FreemanZiemba2013,0.7037037037037037
15,0.9488174,1.1428571428571428,rsa-correlation-corr,FreemanZiemba2013,0.711111111111111
16,0.95255196,1.1071428571428572,rsa-correlation-corr,FreemanZiemba2013,0.6888888888888889
17,0.9559845,1.1488095238095237,rsa-correlation-corr,FreemanZiemba2013,0.7148148148148148
18,0.9591895,1.1666666666666665,rsa-correlation-corr,FreemanZiemba2013,0.7259259259259259
19,0.9621849,1.1666666666666665,rsa-correlation-corr,FreemanZiemba2013,0.7259259259259259
20,0.9649619,1.1488095238095237,rsa-correlation-corr,FreemanZiemba2013,0.7148148148148148
21,0.9675025,1.2083333333333333,rsa-correlation-corr,FreemanZiemba2013,0.7518518518518518
22,0.9697959,1.202380952380952,rsa-correlation-corr,FreemanZiemba2013,0.748148148148148
23,0.9718458,1.1785714285714284,rsa-correlation-corr,FreemanZiemba2013,0.7333333333333332
24,0.9736742,1.2083333333333333,rsa-correlation-corr,FreemanZiemba2013,0.7518518518518519
25,0.9753114,1.1904761904761905,rsa-correlation-corr,FreemanZiemba2013,0.7407407407407407
26,0.9767971,1.1964285714285712,rsa-correlation-corr,FreemanZiemba2013,0.7444444444444444
27,0.97816396,1.1726190476190477,rsa-correlation-corr,FreemanZiemba2013,0.7296296296296296
28,0.97943926,1.2619047619047616,rsa-correlation-corr,FreemanZiemba2013,0.7851851851851851
29,0.98064274,1.1964285714285714,rsa-correlation-corr,FreemanZiemba2013,0.7444444444444445
30,0.98178405,1.1666666666666665,rsa-correlation-corr,FreemanZiemba2013,0.7259259259259259
31,0.9828657,1.2499999999999998,rsa-correlation-corr,FreemanZiemba2013,0.7777777777777777
32,0.9838883,1.2380952380952381,rsa-correlation-corr,FreemanZiemba2013,0.7703703703703704
33,0.98484766,1.1964285714285714,rsa-correlation-corr,FreemanZiemba2013,0.7444444444444445
34,0.98574525,1.2202380952380953,rsa-correlation-corr,FreemanZiemba2013,0.7592592592592593
35,0.986581,1.2440476190476188,rsa-correlation-corr,FreemanZiemba2013,0.774074074074074
36,0.9873582,1.1904761904761905,rsa-correlation-corr,FreemanZiemba2013,0.7407407407407407
37,0.988081,1.2083333333333333,rsa-correlation-corr,FreemanZiemba2013,0.7518518518518518
38,0.9887533,1.2619047619047619,rsa-correlation-corr,FreemanZiemba2013,0.7851851851851852
39,0.98938173,1.2202380952380953,rsa-correlation-corr,FreemanZiemba2013,0.7592592592592593
40,0.9899695,1.2083333333333333,rsa-correlation-corr,FreemanZiemba2013,0.7518518518518518
41,0.9905208,1.1904761904761905,rsa-correlation-corr,FreemanZiemba2013,0.7407407407407407
0,-0.32449728,0.8926174496644296,ridge-lambda100-r2#5folds_cv,FreemanZiemba2013,0.4925925925925926
1,-0.32449734,0.8322147651006712,ridge-lambda100-r2#5folds_cv,FreemanZiemba2013,0.45925925925925926
2,0.1604093,0.8523489932885906,ridge-lambda100-r2#5folds_cv,FreemanZiemba2013,0.4703703703703703
3,0.33524343,0.9194630872483223,ridge-lambda100-r2#5folds_cv,FreemanZiemba2013,0.5074074074074074
4,0.44178462,0.9664429530201343,ridge-lambda100-r2#5folds_cv,FreemanZiemba2013,0.5333333333333333
5,0.517824,1.0,ridge-lambda100-r2#5folds_cv,FreemanZiemba2013,0.5518518518518518
6,0.5750214,1.0402684563758389,ridge-lambda100-r2#5folds_cv,FreemanZiemba2013,0.574074074074074
7,0.6192317,1.1342281879194633,ridge-lambda100-r2#5folds_cv,FreemanZiemba2013,0.625925925925926
8,0.6542734,1.1073825503355705,ridge-lambda100-r2#5folds_cv,FreemanZiemba2013,0.6111111111111112
9,0.682788,1.2147651006711409,ridge-lambda100-r2#5folds_cv,FreemanZiemba2013,0.6703703703703703
10,0.706573,1.134228187919463,ridge-lambda100-r2#5folds_cv,FreemanZiemba2013,0.6259259259259258
11,0.72683126,1.1409395973154361,ridge-lambda100-r2#5folds_cv,FreemanZiemba2013,0.6296296296296295
12,0.744375,1.2818791946308725,ridge-lambda100-r2#5folds_cv,FreemanZiemba2013,0.7074074074074074
13,0.7597691,1.2281879194630874,ridge-lambda100-r2#5folds_cv,FreemanZiemba2013,0.6777777777777778
14,0.773417,1.2281879194630874,ridge-lambda100-r2#5folds_cv,FreemanZiemba2013,0.6777777777777778
15,0.785612,1.2348993288590606,ridge-lambda100-r2#5folds_cv,FreemanZiemba2013,0.6814814814814816
16,0.7965703,1.2617449664429532,ridge-lambda100-r2#5folds_cv,FreemanZiemba2013,0.6962962962962963
17,0.80645704,1.2080536912751678,ridge-lambda100-r2#5folds_cv,FreemanZiemba2013,0.6666666666666666
18,0.8154067,1.2013422818791948,ridge-lambda100-r2#5folds_cv,FreemanZiemba2013,0.662962962962963
19,0.82353544,1.2818791946308725,ridge-lambda100-r2#5folds_cv,FreemanZiemba2013,0.7074074074074074
20,0.8309477,1.2953020134228188,ridge-lambda100-r2#5folds_cv,FreemanZiemba2013,0.7148148148148148
21,0.8377355,1.302013422818792,ridge-lambda100-r2#5folds_cv,FreemanZiemba2013,0.7185185185185186
22,0.84397733,1.2751677852348995,ridge-lambda100-r2#5folds_cv,FreemanZiemba2013,0.7037037037037037
23,0.8497373,1.302013422818792,ridge-lambda100-r2#5folds_cv,FreemanZiemba2013,0.7185185185185186
24,0.85506743,1.335570469798658,ridge-lambda100-r2#5folds_cv,FreemanZiemba2013,0.737037037037037
25,0.8600114,1.3087248322147653,ridge-lambda100-r2#5folds_cv,FreemanZiemba2013,0.7222222222222223
26,0.8646067,1.3087248322147649,ridge-lambda100-r2#5folds_cv,FreemanZiemba2013,0.7222222222222221
27,0.8688862,1.335570469798658,ridge-lambda100-r2#5folds_cv,FreemanZiemba2013,0.737037037037037
28,0.8728798,1.4093959731543624,ridge-lambda100-r2#5folds_cv,FreemanZiemba2013,0.7777777777777777
29,0.8766138,1.3355704697986577,ridge-lambda100-r2#5folds_cv,FreemanZiemba2013,0.7370370370370369
30,0.88011247,1.3221476510067114,ridge-lambda100-r2#5folds_cv,FreemanZiemba2013,0.7296296296296296
31,0.8833965,1.3288590604026849,ridge-lambda100-r2#5folds_cv,FreemanZiemba2013,0.7333333333333334
32,0.88648474,1.2953020134228188,ridge-lambda100-r2#5folds_cv,FreemanZiemba2013,0.7148148148148148
33,0.8893924,1.25503355704698,ridge-lambda100-r2#5folds_cv,FreemanZiemba2013,0.6925925925925926
34,0.89213216,1.3221476510067114,ridge-lambda100-r2#5folds_cv,FreemanZiemba2013,0.7296296296296296
35,0.89471567,1.3288590604026844,ridge-lambda100-r2#5folds_cv,FreemanZiemba2013,0.7333333333333332
36,0.89715385,1.3154362416107381,ridge-lambda100-r2#5folds_cv,FreemanZiemba2013,0.7259259259259259
37,0.8994578,1.3154362416107381,ridge-lambda100-r2#5folds_cv,FreemanZiemba2013,0.7259259259259259
38,0.9016386,1.342281879194631,ridge-lambda100-r2#5folds_cv,FreemanZiemba2013,0.7407407407407407
39,0.9037058,1.3154362416107381,ridge-lambda100-r2#5folds_cv,FreemanZiemba2013,0.7259259259259259
40,0.9056679,1.3154362416107381,ridge-lambda100-r2#5folds_cv,FreemanZiemba2013,0.7259259259259259
41,0.90753156,1.3758389261744968,ridge-lambda100-r2#5folds_cv,FreemanZiemba2013,0.7592592592592593
42,0.9093027,1.302013422818792,ridge-lambda100-r2#5folds_cv,FreemanZiemba2013,0.7185185185185186
43,0.9109869,1.3489932885906042,ridge-lambda100-r2#5folds_cv,FreemanZiemba2013,0.7444444444444445
44,0.9125905,1.3288590604026849,ridge-lambda100-r2#5folds_cv,FreemanZiemba2013,0.7333333333333334
45,0.9141191,1.342281879194631,ridge-lambda100-r2#5folds_cv,FreemanZiemba2013,0.7407407407407407
46,0.91557825,1.3557046979865772,ridge-lambda100-r2#5folds_cv,FreemanZiemba2013,0.7481481481481481
47,0.91697276,1.3154362416107381,ridge-lambda100-r2#5folds_cv,FreemanZiemba2013,0.7259259259259259
48,0.9183073,1.335570469798658,ridge-lambda100-r2#5folds_cv,FreemanZiemba2013,0.737037037037037
49,0.9195857,1.3288590604026849,ridge-lambda100-r2#5folds_cv,FreemanZiemba2013,0.7333333333333334
50,0.92081213,1.3221476510067114,ridge-lambda100-r2#5folds_cv,FreemanZiemba2013,0.7296296296296296
51,0.92198944,1.3624161073825505,ridge-lambda100-r2#5folds_cv,FreemanZiemba2013,0.7518518518518519
52,0.9231202,1.3288590604026849,ridge-lambda100-r2#5folds_cv,FreemanZiemba2013,0.7333333333333334
53,0.92420626,1.308724832214765,ridge-lambda100-r2#5folds_cv,FreemanZiemba2013,0.7222222222222222
54,0.92524976,1.2885906040268456,ridge-lambda100-r2#5folds_cv,FreemanZiemba2013,0.711111111111111
55,0.926253,1.395973154362416,ridge-lambda100-r2#5folds_cv,FreemanZiemba2013,0.7703703703703704
56,0.9272188,1.342281879194631,ridge-lambda100-r2#5folds_cv,FreemanZiemba2013,0.7407407407407407
57,0.9281496,1.3087248322147653,ridge-lambda100-r2#5folds_cv,FreemanZiemba2013,0.7222222222222223
58,0.92904776,1.302013422818792,ridge-lambda100-r2#5folds_cv,FreemanZiemba2013,0.7185185185185186
59,0.92991525,1.3489932885906042,ridge-lambda100-r2#5folds_cv,FreemanZiemba2013,0.7444444444444445
60,0.9307535,1.3489932885906042,ridge-lambda100-r2#5folds_cv,FreemanZiemba2013,0.7444444444444445
61,0.9315646,1.3355704697986577,ridge-lambda100-r2#5folds_cv,FreemanZiemba2013,0.7370370370370369
62,0.93235,1.3624161073825503,ridge-lambda100-r2#5folds_cv,FreemanZiemba2013,0.7518518518518518
63,0.933111,1.3355704697986577,ridge-lambda100-r2#5folds_cv,FreemanZiemba2013,0.7370370370370369
64,0.9338487,1.2818791946308725,ridge-lambda100-r2#5folds_cv,FreemanZiemba2013,0.7074074074074074
65,0.93456423,1.3758389261744965,ridge-lambda100-r2#5folds_cv,FreemanZiemba2013,0.7592592592592592
66,0.9352587,1.3087248322147649,ridge-lambda100-r2#5folds_cv,FreemanZiemba2013,0.7222222222222221
67,0.9359334,1.3624161073825505,ridge-lambda100-r2#5folds_cv,FreemanZiemba2013,0.7518518518518519
68,0.9365894,1.3154362416107381,ridge-lambda100-r2#5folds_cv,FreemanZiemba2013,0.7259259259259259
69,0.9372277,1.342281879194631,ridge-lambda100-r2#5folds_cv,FreemanZiemba2013,0.7407407407407407
70,0.93784916,1.2953020134228188,ridge-lambda100-r2#5folds_cv,FreemanZiemba2013,0.7148148148148148
71,0.93845415,1.3154362416107381,ridge-lambda100-r2#5folds_cv,FreemanZiemba2013,0.7259259259259259
72,0.93904334,1.3758389261744968,ridge-lambda100-r2#5folds_cv,FreemanZiemba2013,0.7592592592592593
73,0.9396175,1.3154362416107381,ridge-lambda100-r2#5folds_cv,FreemanZiemba2013,0.7259259259259259
74,0.94017756,1.2885906040268456,ridge-lambda100-r2#5folds_cv,FreemanZiemba2013,0.711111111111111
75,0.9407237,1.342281879194631,ridge-lambda100-r2#5folds_cv,FreemanZiemba2013,0.7407407407407407
76,0.941257,1.3288590604026849,ridge-lambda100-r2#5folds_cv,FreemanZiemba2013,0.7333333333333334
77,0.9417779,1.302013422818792,ridge-lambda100-r2#5folds_cv,FreemanZiemba2013,0.7185185185185186
78,0.94228697,1.3221476510067114,ridge-lambda100-r2#5folds_cv,FreemanZiemba2013,0.7296296296296296
79,0.9427846,1.3557046979865772,ridge-lambda100-r2#5folds_cv,FreemanZiemba2013,0.7481481481481481
80,0.9432713,1.3557046979865774,ridge-lambda100-r2#5folds_cv,FreemanZiemba2013,0.7481481481481482
81,0.9437474,1.3221476510067114,ridge-lambda100-r2#5folds_cv,FreemanZiemba2013,0.7296296296296296
82,0.9442135,1.2953020134228186,ridge-lambda100-r2#5folds_cv,FreemanZiemba2013,0.7148148148148147
83,0.94466984,1.295302013422819,ridge-lambda100-r2#5folds_cv,FreemanZiemba2013,0.7148148148148149
84,0.94511664,1.3154362416107381,ridge-lambda100-r2#5folds_cv,FreemanZiemba2013,0.7259259259259259
85,0.94555444,1.4093959731543628,ridge-lambda100-r2#5folds_cv,FreemanZiemba2013,0.7777777777777779
86,0.9459836,1.3489932885906042,ridge-lambda100-r2#5folds_cv,FreemanZiemba2013,0.7444444444444445
87,0.9464043,1.355704697986577,ridge-lambda100-r2#5folds_cv,FreemanZiemba2013,0.748148148148148
88,0.9468169,1.3557046979865772,ridge-lambda100-r2#5folds_cv,FreemanZiemba2013,0.7481481481481481
89,0.94722176,1.3355704697986577,ridge-lambda100-r2#5folds_cv,FreemanZiemba2013,0.7370370370370369
90,0.94761884,1.38255033557047,ridge-lambda100-r2#5folds_cv,FreemanZiemba2013,0.7629629629629631
91,0.9480087,1.3087248322147649,ridge-lambda100-r2#5folds_cv,FreemanZiemba2013,0.7222222222222221
92,0.94839144,1.308724832214765,ridge-lambda100-r2#5folds_cv,FreemanZiemba2013,0.7222222222222222
93,0.94876736,1.4093959731543624,ridge-lambda100-r2#5folds_cv,FreemanZiemba2013,0.7777777777777777
94,0.94913673,1.3288590604026846,ridge-lambda100-r2#5folds_cv,FreemanZiemba2013,0.7333333333333333
95,0.9494997,1.3557046979865772,ridge-lambda100-r2#5folds_cv,FreemanZiemba2013,0.7481481481481481
96,0.94985646,1.4161073825503356,ridge-lambda100-r2#5folds_cv,FreemanZiemba2013,0.7814814814814814
97,0.9502071,1.2885906040268456,ridge-lambda100-r2#5folds_cv,FreemanZiemba2013,0.711111111111111
98,0.9505521,1.2885906040268458,ridge-lambda100-r2#5folds_cv,FreemanZiemba2013,0.7111111111111111
99,0.9508912,1.342281879194631,ridge-lambda100-r2#5folds_cv,FreemanZiemba2013,0.7407407407407407
100,0.9512249,1.3624161073825507,ridge-lambda100-r2#5folds_cv,FreemanZiemba2013,0.751851851851852
101,0.95155317,1.3691275167785235,ridge-lambda100-r2#5folds_cv,FreemanZiemba2013,0.7555555555555555
102,0.9518763,1.342281879194631,ridge-lambda100-r2#5folds_cv,FreemanZiemba2013,0.7407407407407407
103,0.9521942,1.3355704697986577,ridge-lambda100-r2#5folds_cv,FreemanZiemba2013,0.7370370370370369
104,0.9525073,1.3825503355704696,ridge-lambda100-r2#5folds_cv,FreemanZiemba2013,0.7629629629629628
105,0.95281553,1.3691275167785235,ridge-lambda100-r2#5folds_cv,FreemanZiemba2013,0.7555555555555555
106,0.95311916,1.3154362416107381,ridge-lambda100-r2#5folds_cv,FreemanZiemba2013,0.7259259259259259
107,0.95341825,1.348993288590604,ridge-lambda100-r2#5folds_cv,FreemanZiemba2013,0.7444444444444444
108,0.9537128,1.3154362416107381,ridge-lambda100-r2#5folds_cv,FreemanZiemba2013,0.7259259259259259
109,0.95400316,1.3288590604026849,ridge-lambda100-r2#5folds_cv,FreemanZiemba2013,0.7333333333333334
110,0.95428914,1.3758389261744968,ridge-lambda100-r2#5folds_cv,FreemanZiemba2013,0.7592592592592593
111,0.9545711,1.342281879194631,ridge-lambda100-r2#5folds_cv,FreemanZiemba2013,0.7407407407407407
112,0.95484906,1.3288590604026849,ridge-lambda100-r2#5folds_cv,FreemanZiemba2013,0.7333333333333334
113,0.95512307,1.3557046979865772,ridge-lambda100-r2#5folds_cv,FreemanZiemba2013,0.7481481481481481
114,0.9553933,1.342281879194631,ridge-lambda100-r2#5folds_cv,FreemanZiemba2013,0.7407407407407407
115,0.95565975,1.3489932885906042,ridge-lambda100-r2#5folds_cv,FreemanZiemba2013,0.7444444444444445
116,0.9559225,1.3624161073825503,ridge-lambda100-r2#5folds_cv,FreemanZiemba2013,0.7518518518518518
117,0.9561818,1.348993288590604,ridge-lambda100-r2#5folds_cv,FreemanZiemba2013,0.7444444444444444
118,0.9564376,1.3489932885906042,ridge-lambda100-r2#5folds_cv,FreemanZiemba2013,0.7444444444444445
119,0.95668995,1.3154362416107381,ridge-lambda100-r2#5folds_cv,FreemanZiemba2013,0.7259259259259259
120,0.95693904,1.348993288590604,ridge-lambda100-r2#5folds_cv,FreemanZiemba2013,0.7444444444444444
121,0.9571848,1.2818791946308723,ridge-lambda100-r2#5folds_cv,FreemanZiemba2013,0.7074074074074073
122,0.9574274,1.3288590604026849,ridge-lambda100-r2#5folds_cv,FreemanZiemba2013,0.7333333333333334
123,0.957667,1.3288590604026844,ridge-lambda100-r2#5folds_cv,FreemanZiemba2013,0.7333333333333332
124,0.9579034,1.3355704697986577,ridge-lambda100-r2#5folds_cv,FreemanZiemba2013,0.7370370370370369
125,0.9581369,1.3557046979865774,ridge-lambda100-r2#5folds_cv,FreemanZiemba2013,0.7481481481481482
126,0.95836747,1.342281879194631,ridge-lambda100-r2#5folds_cv,FreemanZiemba2013,0.7407407407407407
127,0.9585951,1.342281879194631,ridge-lambda100-r2#5folds_cv,FreemanZiemba2013,0.7407407407407407
128,0.95882004,1.3020134228187918,ridge-lambda100-r2#5folds_cv,FreemanZiemba2013,0.7185185185185184
129,0.9590422,1.3624161073825503,ridge-lambda100-r2#5folds_cv,FreemanZiemba2013,0.7518518518518518
130,0.9592617,1.2953020134228188,ridge-lambda100-r2#5folds_cv,FreemanZiemba2013,0.7148148148148148
131,0.9594784,1.3355704697986577,ridge-lambda100-r2#5folds_cv,FreemanZiemba2013,0.7370370370370369
132,0.9596928,1.3221476510067114,ridge-lambda100-r2#5folds_cv,FreemanZiemba2013,0.7296296296296296
133,0.9599044,1.3557046979865774,ridge-lambda100-r2#5folds_cv,FreemanZiemba2013,0.7481481481481482
134,0.96011364,1.3154362416107381,ridge-lambda100-r2#5folds_cv,FreemanZiemba2013,0.7259259259259259
135,0.96032035,1.355704697986577,ridge-lambda100-r2#5folds_cv,FreemanZiemba2013,0.748148148148148
136,0.96052474,1.3154362416107381,ridge-lambda100-r2#5folds_cv,FreemanZiemba2013,0.7259259259259259
137,0.96072674,1.3489932885906042,ridge-lambda100-r2#5folds_cv,FreemanZiemba2013,0.7444444444444445
138,0.96092653,1.3489932885906042,ridge-lambda100-r2#5folds_cv,FreemanZiemba2013,0.7444444444444445
139,0.96112394,1.3489932885906042,ridge-lambda100-r2#5folds_cv,FreemanZiemba2013,0.7444444444444445
140,0.96131915,1.3087248322147649,ridge-lambda100-r2#5folds_cv,FreemanZiemba2013,0.7222222222222221
141,0.96151227,1.3154362416107381,ridge-lambda100-r2#5folds_cv,FreemanZiemba2013,0.7259259259259259
142,0.9617032,1.3691275167785235,ridge-lambda100-r2#5folds_cv,FreemanZiemba2013,0.7555555555555555
143,0.961892,1.3288590604026846,ridge-lambda100-r2#5folds_cv,FreemanZiemba2013,0.7333333333333333
144,0.96207875,1.395973154362416,ridge-lambda100-r2#5folds_cv,FreemanZiemba2013,0.7703703703703704
145,0.96226346,1.3624161073825503,ridge-lambda100-r2#5folds_cv,FreemanZiemba2013,0.7518518518518518
146,0.9624462,1.3288590604026844,ridge-lambda100-r2#5folds_cv,FreemanZiemba2013,0.7333333333333332
147,0.96262693,1.302013422818792,ridge-lambda100-r2#5folds_cv,FreemanZiemba2013,0.7185185185185186
148,0.96280587,1.3557046979865774,ridge-lambda100-r2#5folds_cv,FreemanZiemba2013,0.7481481481481482
149,0.9629828,1.25503355704698,ridge-lambda100-r2#5folds_cv,FreemanZiemba2013,0.6925925925925925
150,0.96315783,1.302013422818792,ridge-lambda100-r2#5folds_cv,FreemanZiemba2013,0.7185185185185186
151,0.9633311,1.2885906040268456,ridge-lambda100-r2#5folds_cv,FreemanZiemba2013,0.711111111111111
152,0.9635026,1.4093959731543626,ridge-lambda100-r2#5folds_cv,FreemanZiemba2013,0.7777777777777778
153,0.9636723,1.342281879194631,ridge-lambda100-r2#5folds_cv,FreemanZiemba2013,0.7407407407407407
154,0.9638403,1.3355704697986577,ridge-lambda100-r2#5folds_cv,FreemanZiemba2013,0.7370370370370369
155,0.96400654,1.4093959731543626,ridge-lambda100-r2#5folds_cv,FreemanZiemba2013,0.7777777777777778
156,0.96417105,1.389261744966443,ridge-lambda100-r2#5folds_cv,FreemanZiemba2013,0.7666666666666667
157,0.9643339,1.3221476510067114,ridge-lambda100-r2#5folds_cv,FreemanZiemba2013,0.7296296296296296
158,0.9644952,1.342281879194631,ridge-lambda100-r2#5folds_cv,FreemanZiemba2013,0.7407407407407407
159,0.9646548,1.3489932885906042,ridge-lambda100-r2#5folds_cv,FreemanZiemba2013,0.7444444444444445
160,0.96481293,1.355704697986577,ridge-lambda100-r2#5folds_cv,FreemanZiemba2013,0.748148148148148
161,0.96496946,1.4026845637583893,ridge-lambda100-r2#5folds_cv,FreemanZiemba2013,0.774074074074074
162,0.9651245,1.3624161073825503,ridge-lambda100-r2#5folds_cv,FreemanZiemba2013,0.7518518518518518
163,0.96527797,1.3355704697986577,ridge-lambda100-r2#5folds_cv,FreemanZiemba2013,0.7370370370370369
164,0.9654301,1.308724832214765,ridge-lambda100-r2#5folds_cv,FreemanZiemba2013,0.7222222222222222
165,0.9655806,1.3691275167785235,ridge-lambda100-r2#5folds_cv,FreemanZiemba2013,0.7555555555555555
166,0.9657296,1.3691275167785235,ridge-lambda100-r2#5folds_cv,FreemanZiemba2013,0.7555555555555555
167,0.96587735,1.3624161073825503,ridge-lambda100-r2#5folds_cv,FreemanZiemba2013,0.7518518518518518
168,0.9660236,1.3288590604026849,ridge-lambda100-r2#5folds_cv,FreemanZiemba2013,0.7333333333333334
169,0.9661686,1.3624161073825503,ridge-lambda100-r2#5folds_cv,FreemanZiemba2013,0.7518518518518518
170,0.9663121,1.3154362416107381,ridge-lambda100-r2#5folds_cv,FreemanZiemba2013,0.7259259259259259
171,0.9664543,1.3489932885906042,ridge-lambda100-r2#5folds_cv,FreemanZiemba2013,0.7444444444444445
172,0.9665953,1.422818791946309,ridge-lambda100-r2#5folds_cv,FreemanZiemba2013,0.7851851851851852
173,0.9667349,1.3221476510067114,ridge-lambda100-r2#5folds_cv,FreemanZiemba2013,0.7296296296296296
174,0.96687317,1.3892617449664428,ridge-lambda100-r2#5folds_cv,FreemanZiemba2013,0.7666666666666666
175,0.9670103,1.3825503355704698,ridge-lambda100-r2#5folds_cv,FreemanZiemba2013,0.762962962962963
176,0.9671461,1.395973154362416,ridge-lambda100-r2#5folds_cv,FreemanZiemba2013,0.7703703703703704
177,0.96728075,1.3489932885906042,ridge-lambda100-r2#5folds_cv,FreemanZiemba2013,0.7444444444444445
178,0.9674142,1.3624161073825505,ridge-lambda100-r2#5folds_cv,FreemanZiemba2013,0.7518518518518519
179,0.96754634,1.342281879194631,ridge-lambda100-r2#5folds_cv,FreemanZiemba2013,0.7407407407407407
180,0.9676774,1.342281879194631,ridge-lambda100-r2#5folds_cv,FreemanZiemba2013,0.7407407407407407
181,0.9678074,1.3892617449664428,ridge-lambda100-r2#5folds_cv,FreemanZiemba2013,0.7666666666666666
182,0.96793604,1.3154362416107381,ridge-lambda100-r2#5folds_cv,FreemanZiemba2013,0.7259259259259259
183,0.96806365,1.3758389261744965,ridge-lambda100-r2#5folds_cv,FreemanZiemba2013,0.7592592592592592
184,0.9681902,1.3825503355704696,ridge-lambda100-r2#5folds_cv,FreemanZiemba2013,0.7629629629629628
185,0.9683156,1.4161073825503356,ridge-lambda100-r2#5folds_cv,FreemanZiemba2013,0.7814814814814814
186,0.96843994,1.3624161073825503,ridge-lambda100-r2#5folds_cv,FreemanZiemba2013,0.7518518518518518
187,0.96856326,1.3489932885906037,ridge-lambda100-r2#5folds_cv,FreemanZiemba2013,0.7444444444444442
188,0.96868545,1.342281879194631,ridge-lambda100-r2#5folds_cv,FreemanZiemba2013,0.7407407407407407
189,0.96880656,1.3691275167785235,ridge-lambda100-r2#5folds_cv,FreemanZiemba2013,0.7555555555555555
190,0.9689268,1.4496644295302012,ridge-lambda100-r2#5folds_cv,FreemanZiemba2013,0.7999999999999999
191,0.96904594,1.3489932885906042,ridge-lambda100-r2#5folds_cv,FreemanZiemba2013,0.7444444444444445
192,0.9691641,1.3154362416107381,ridge-lambda100-r2#5folds_cv,FreemanZiemba2013,0.7259259259259259
193,0.9692812,1.3624161073825505,ridge-lambda100-r2#5folds_cv,FreemanZiemba2013,0.7518518518518519
194,0.9693974,1.3825503355704696,ridge-lambda100-r2#5folds_cv,FreemanZiemba2013,0.7629629629629628
195,0.96951264,1.4026845637583893,ridge-lambda100-r2#5folds_cv,FreemanZiemba2013,0.774074074074074
196,0.969627,1.3221476510067114,ridge-lambda100-r2#5folds_cv,FreemanZiemba2013,0.7296296296296296
197,0.9697403,1.302013422818792,ridge-lambda100-r2#5folds_cv,FreemanZiemba2013,0.7185185185185186
198,0.96985275,1.2953020134228188,ridge-lambda100-r2#5folds_cv,FreemanZiemba2013,0.7148148148148148
199,0.9699642,1.3221476510067114,ridge-lambda100-r2#5folds_cv,FreemanZiemba2013,0.7296296296296296
200,0.97007483,1.3624161073825503,ridge-lambda100-r2#5folds_cv,FreemanZiemba2013,0.7518518518518518
201,0.9701846,1.4161073825503356,ridge-lambda100-r2#5folds_cv,FreemanZiemba2013,0.7814814814814814
202,0.9702934,1.3489932885906042,ridge-lambda100-r2#5folds_cv,FreemanZiemba2013,0.7444444444444445
203,0.97040147,1.3825503355704696,ridge-lambda100-r2#5folds_cv,FreemanZiemba2013,0.7629629629629628
204,0.9705086,1.3154362416107381,ridge-lambda100-r2#5folds_cv,FreemanZiemba2013,0.7259259259259259
205,0.9706148,1.4161073825503356,ridge-lambda100-r2#5folds_cv,FreemanZiemba2013,0.7814814814814814
206,0.9707204,1.3288590604026846,ridge-lambda100-r2#5folds_cv,FreemanZiemba2013,0.7333333333333333
207,0.9708249,1.3624161073825503,ridge-lambda100-r2#5folds_cv,FreemanZiemba2013,0.7518518518518518
208,0.9709288,1.3489932885906042,ridge-lambda100-r2#5folds_cv,FreemanZiemba2013,0.7444444444444445
209,0.9710318,1.3557046979865772,ridge-lambda100-r2#5folds_cv,FreemanZiemba2013,0.7481481481481481
210,0.971134,1.3758389261744968,ridge-lambda100-r2#5folds_cv,FreemanZiemba2013,0.7592592592592593
211,0.9712354,1.3557046979865772,ridge-lambda100-r2#5folds_cv,FreemanZiemba2013,0.7481481481481481
212,0.971336,1.3087248322147649,ridge-lambda100-r2#5folds_cv,FreemanZiemba2013,0.7222222222222221
213,0.9714359,1.3288590604026846,ridge-lambda100-r2#5folds_cv,FreemanZiemba2013,0.7333333333333333
214,0.971535,1.429530201342282,ridge-lambda100-r2#5folds_cv,FreemanZiemba2013,0.7888888888888889
215,0.97163343,1.3892617449664428,ridge-lambda100-r2#5folds_cv,FreemanZiemba2013,0.7666666666666666
216,0.97173107,1.3288590604026846,ridge-lambda100-r2#5folds_cv,FreemanZiemba2013,0.7333333333333333
217,0.971828,1.3691275167785235,ridge-lambda100-r2#5folds_cv,FreemanZiemba2013,0.7555555555555555
218,0.9719241,1.4161073825503356,ridge-lambda100-r2#5folds_cv,FreemanZiemba2013,0.7814814814814814
219,0.97201955,1.4093959731543624,ridge-lambda100-r2#5folds_cv,FreemanZiemba2013,0.7777777777777777
220,0.9721144,1.3154362416107381,ridge-lambda100-r2#5folds_cv,FreemanZiemba2013,0.7259259259259259
221,0.9722084,1.3892617449664428,ridge-lambda100-r2#5folds_cv,FreemanZiemba2013,0.7666666666666666
222,0.97230184,1.4228187919463087,ridge-lambda100-r2#5folds_cv,FreemanZiemba2013,0.7851851851851851
223,0.97239447,1.3624161073825503,ridge-lambda100-r2#5folds_cv,FreemanZiemba2013,0.7518518518518518
224,0.9724864,1.38255033557047,ridge-lambda100-r2#5folds_cv,FreemanZiemba2013,0.7629629629629631
225,0.97257787,1.342281879194631,ridge-lambda100-r2#5folds_cv,FreemanZiemba2013,0.7407407407407407
226,0.97266847,1.335570469798658,ridge-lambda100-r2#5folds_cv,FreemanZiemba2013,0.737037037037037
227,0.9727585,1.3489932885906042,ridge-lambda100-r2#5folds_cv,FreemanZiemba2013,0.7444444444444445
228,0.97284794,1.3288590604026849,ridge-lambda100-r2#5folds_cv,FreemanZiemba2013,0.7333333333333334
229,0.97293675,1.4093959731543624,ridge-lambda100-r2#5folds_cv,FreemanZiemba2013,0.7777777777777777
230,0.9730247,1.3691275167785235,ridge-lambda100-r2#5folds_cv,FreemanZiemba2013,0.7555555555555555
231,0.9731123,1.3355704697986577,ridge-lambda100-r2#5folds_cv,FreemanZiemba2013,0.7370370370370369
232,0.97319907,1.3221476510067114,ridge-lambda100-r2#5folds_cv,FreemanZiemba2013,0.7296296296296296
233,0.9732854,1.3557046979865772,ridge-lambda100-r2#5folds_cv,FreemanZiemba2013,0.7481481481481481
234,0.973371,1.3489932885906042,ridge-lambda100-r2#5folds_cv,FreemanZiemba2013,0.7444444444444445
235,0.9734561,1.3691275167785235,ridge-lambda100-r2#5folds_cv,FreemanZiemba2013,0.7555555555555555
236,0.9735406,1.3624161073825505,ridge-lambda100-r2#5folds_cv,FreemanZiemba2013,0.7518518518518519
237,0.9736244,1.3355704697986577,ridge-lambda100-r2#5folds_cv,FreemanZiemba2013,0.7370370370370369
238,0.9737078,1.3355704697986577,ridge-lambda100-r2#5folds_cv,FreemanZiemba2013,0.7370370370370369
239,0.9737905,1.3624161073825503,ridge-lambda100-r2#5folds_cv,FreemanZiemba2013,0.7518518518518518
240,0.97387266,1.3691275167785235,ridge-lambda100-r2#5folds_cv,FreemanZiemba2013,0.7555555555555555
241,0.9739543,1.3691275167785235,ridge-lambda100-r2#5folds_cv,FreemanZiemba2013,0.7555555555555555
242,0.9740354,1.3489932885906042,ridge-lambda100-r2#5folds_cv,FreemanZiemba2013,0.7444444444444445
243,0.97411585,1.342281879194631,ridge-lambda100-r2#5folds_cv,FreemanZiemba2013,0.7407407407407407
244,0.97419584,1.3557046979865772,ridge-lambda100-r2#5folds_cv,FreemanZiemba2013,0.7481481481481481
245,0.97427523,1.2953020134228188,ridge-lambda100-r2#5folds_cv,FreemanZiemba2013,0.7148148148148148
246,0.97435415,1.3557046979865774,ridge-lambda100-r2#5folds_cv,FreemanZiemba2013,0.7481481481481482
247,0.9744326,1.3624161073825503,ridge-lambda100-r2#5folds_cv,FreemanZiemba2013,0.7518518518518518
248,0.9745104,1.3288590604026849,ridge-lambda100-r2#5folds_cv,FreemanZiemba2013,0.7333333333333334
249,0.97458774,1.3691275167785235,ridge-lambda100-r2#5folds_cv,FreemanZiemba2013,0.7555555555555555
250,0.9746645,1.3489932885906042,ridge-lambda100-r2#5folds_cv,FreemanZiemba2013,0.7444444444444445
251,0.97474086,1.3288590604026846,ridge-lambda100-r2#5folds_cv,FreemanZiemba2013,0.7333333333333333
252,0.9748167,1.3825503355704698,ridge-lambda100-r2#5folds_cv,FreemanZiemba2013,0.762962962962963
253,0.974892,1.3624161073825505,ridge-lambda100-r2#5folds_cv,FreemanZiemba2013,0.7518518518518519
254,0.9749669,1.335570469798658,ridge-lambda100-r2#5folds_cv,FreemanZiemba2013,0.737037037037037
255,0.9750412,1.335570469798658,ridge-lambda100-r2#5folds_cv,FreemanZiemba2013,0.737037037037037
256,0.9751151,1.342281879194631,ridge-lambda100-r2#5folds_cv,FreemanZiemba2013,0.7407407407407407
257,0.97518855,1.355704697986577,ridge-lambda100-r2#5folds_cv,FreemanZiemba2013,0.748148148148148
258,0.9752615,1.3758389261744965,ridge-lambda100-r2#5folds_cv,FreemanZiemba2013,0.7592592592592592
259,0.975334,1.2885906040268458,ridge-lambda100-r2#5folds_cv,FreemanZiemba2013,0.7111111111111111
260,0.975406,1.3691275167785235,ridge-lambda100-r2#5folds_cv,FreemanZiemba2013,0.7555555555555555
261,0.9754776,1.3489932885906042,ridge-lambda100-r2#5folds_cv,FreemanZiemba2013,0.7444444444444445
262,0.9755486,1.3624161073825505,ridge-lambda100-r2#5folds_cv,FreemanZiemba2013,0.7518518518518519
263,0.97561944,1.3355704697986577,ridge-lambda100-r2#5folds_cv,FreemanZiemba2013,0.7370370370370369
264,0.9756896,1.342281879194631,ridge-lambda100-r2#5folds_cv,FreemanZiemba2013,0.7407407407407407
265,0.9757594,1.3154362416107381,ridge-lambda100-r2#5folds_cv,FreemanZiemba2013,0.7259259259259259
266,0.97582877,1.3825503355704698,ridge-lambda100-r2#5folds_cv,FreemanZiemba2013,0.762962962962963
267,0.9758976,1.3557046979865772,ridge-lambda100-r2#5folds_cv,FreemanZiemba2013,0.7481481481481481
268,0.97596616,1.3691275167785235,ridge-lambda100-r2#5folds_cv,FreemanZiemba2013,0.7555555555555555
269,0.9760343,1.25503355704698,ridge-lambda100-r2#5folds_cv,FreemanZiemba2013,0.6925925925925926
270,0.9761019,1.2885906040268456,ridge-lambda100-r2#5folds_cv,FreemanZiemba2013,0.711111111111111
271,0.9761692,1.3758389261744965,ridge-lambda100-r2#5folds_cv,FreemanZiemba2013,0.7592592592592592
272,0.97623605,1.3087248322147649,ridge-lambda100-r2#5folds_cv,FreemanZiemba2013,0.7222222222222221
273,0.9763025,1.3758389261744968,ridge-lambda100-r2#5folds_cv,FreemanZiemba2013,0.7592592592592593
274,0.97636855,1.3154362416107381,ridge-lambda100-r2#5folds_cv,FreemanZiemba2013,0.7259259259259259
275,0.97643423,1.308724832214765,ridge-lambda100-r2#5folds_cv,FreemanZiemba2013,0.7222222222222222
276,0.97649944,1.3355704697986577,ridge-lambda100-r2#5folds_cv,FreemanZiemba2013,0.7370370370370369
277,0.9765643,1.3489932885906042,ridge-lambda100-r2#5folds_cv,FreemanZiemba2013,0.7444444444444445
278,0.9766289,1.3557046979865774,ridge-lambda100-r2#5folds_cv,FreemanZiemba2013,0.7481481481481482
279,0.976693,1.3489932885906042,ridge-lambda100-r2#5folds_cv,FreemanZiemba2013,0.7444444444444445
280,0.9767567,1.308724832214765,ridge-lambda100-r2#5folds_cv,FreemanZiemba2013,0.7222222222222222
281,0.9768201,1.3758389261744968,ridge-lambda100-r2#5folds_cv,FreemanZiemba2013,0.7592592592592593
282,0.97688305,1.342281879194631,ridge-lambda100-r2#5folds_cv,FreemanZiemba2013,0.7407407407407407
283,0.9769456,1.395973154362416,ridge-lambda100-r2#5folds_cv,FreemanZiemba2013,0.7703703703703704
284,0.97700787,1.342281879194631,ridge-lambda100-r2#5folds_cv,FreemanZiemba2013,0.7407407407407407
285,0.97706974,1.422818791946309,ridge-lambda100-r2#5folds_cv,FreemanZiemba2013,0.7851851851851852
286,0.97713137,1.3221476510067114,ridge-lambda100-r2#5folds_cv,FreemanZiemba2013,0.7296296296296296
287,0.9771925,1.302013422818792,ridge-lambda100-r2#5folds_cv,FreemanZiemba2013,0.7185185185185186
288,0.9772533,1.395973154362416,ridge-lambda100-r2#5folds_cv,FreemanZiemba2013,0.7703703703703704
289,0.9773139,1.3221476510067114,ridge-lambda100-r2#5folds_cv,FreemanZiemba2013,0.7296296296296296
290,0.97737396,1.4026845637583893,ridge-lambda100-r2#5folds_cv,FreemanZiemba2013,0.774074074074074
291,0.9774338,1.3154362416107381,ridge-lambda100-r2#5folds_cv,FreemanZiemba2013,0.7259259259259259
292,0.9774933,1.4161073825503356,ridge-lambda100-r2#5folds_cv,FreemanZiemba2013,0.7814814814814814
293,0.9775524,1.3691275167785235,ridge-lambda100-r2#5folds_cv,FreemanZiemba2013,0.7555555555555555
294,0.9776112,1.308724832214765,ridge-lambda100-r2#5folds_cv,FreemanZiemba2013,0.7222222222222222
295,0.9776697,1.3892617449664428,ridge-lambda100-r2#5folds_cv,FreemanZiemba2013,0.7666666666666666
296,0.9777278,1.3557046979865772,ridge-lambda100-r2#5folds_cv,FreemanZiemba2013,0.7481481481481481
297,0.9777856,1.3020134228187918,ridge-lambda100-r2#5folds_cv,FreemanZiemba2013,0.7185185185185184
298,0.9778433,1.395973154362416,ridge-lambda100-r2#5folds_cv,FreemanZiemba2013,0.7703703703703704
299,0.9779004,1.4362416107382552,ridge-lambda100-r2#5folds_cv,FreemanZiemba2013,0.7925925925925926
300,0.97795725,1.3691275167785233,ridge-lambda100-r2#5folds_cv,FreemanZiemba2013,0.7555555555555554
301,0.9780138,1.395973154362416,ridge-lambda100-r2#5folds_cv,FreemanZiemba2013,0.7703703703703704
302,0.97807014,1.3624161073825505,ridge-lambda100-r2#5folds_cv,FreemanZiemba2013,0.7518518518518519
303,0.97812605,1.3624161073825505,ridge-lambda100-r2#5folds_cv,FreemanZiemba2013,0.7518518518518519
304,0.9781817,1.3557046979865772,ridge-lambda100-r2#5folds_cv,FreemanZiemba2013,0.7481481481481481
305,0.97823703,1.3825503355704698,ridge-lambda100-r2#5folds_cv,FreemanZiemba2013,0.762962962962963
306,0.9782921,1.2818791946308725,ridge-lambda100-r2#5folds_cv,FreemanZiemba2013,0.7074074074074074
307,0.97834694,1.3489932885906042,ridge-lambda100-r2#5folds_cv,FreemanZiemba2013,0.7444444444444445
308,0.97840136,1.3489932885906042,ridge-lambda100-r2#5folds_cv,FreemanZiemba2013,0.7444444444444445
309,0.97845566,1.3489932885906042,ridge-lambda100-r2#5folds_cv,FreemanZiemba2013,0.7444444444444445
310,0.97850955,1.3557046979865774,ridge-lambda100-r2#5folds_cv,FreemanZiemba2013,0.7481481481481482
311,0.97856313,1.3691275167785235,ridge-lambda100-r2#5folds_cv,FreemanZiemba2013,0.7555555555555555
312,0.9786164,1.3355704697986577,ridge-lambda100-r2#5folds_cv,FreemanZiemba2013,0.7370370370370369
313,0.9786695,1.2483221476510067,ridge-lambda100-r2#5folds_cv,FreemanZiemba2013,0.6888888888888889
314,0.9787222,1.3624161073825505,ridge-lambda100-r2#5folds_cv,FreemanZiemba2013,0.7518518518518519
315,0.97877485,1.3825503355704698,ridge-lambda100-r2#5folds_cv,FreemanZiemba2013,0.762962962962963
316,0.978827,1.288590604026846,ridge-lambda100-r2#5folds_cv,FreemanZiemba2013,0.7111111111111112
317,0.978879,1.342281879194631,ridge-lambda100-r2#5folds_cv,FreemanZiemba2013,0.7407407407407407
318,0.97893065,1.38255033557047,ridge-lambda100-r2#5folds_cv,FreemanZiemba2013,0.7629629629629631
319,0.97898215,1.3221476510067114,ridge-lambda100-r2#5folds_cv,FreemanZiemba2013,0.7296296296296296
320,0.9790333,1.3557046979865772,ridge-lambda100-r2#5folds_cv,FreemanZiemba2013,0.7481481481481481
321,0.9790842,1.3892617449664428,ridge-lambda100-r2#5folds_cv,FreemanZiemba2013,0.7666666666666666
322,0.97913486,1.342281879194631,ridge-lambda100-r2#5folds_cv,FreemanZiemba2013,0.7407407407407407
323,0.9791852,1.3691275167785235,ridge-lambda100-r2#5folds_cv,FreemanZiemba2013,0.7555555555555555
324,0.9792355,1.3355704697986577,ridge-lambda100-r2#5folds_cv,FreemanZiemba2013,0.7370370370370369
325,0.97928524,1.3557046979865772,ridge-lambda100-r2#5folds_cv,FreemanZiemba2013,0.7481481481481481
326,0.97933495,1.3288590604026846,ridge-lambda100-r2#5folds_cv,FreemanZiemba2013,0.7333333333333333
327,0.97938424,1.3020134228187918,ridge-lambda100-r2#5folds_cv,FreemanZiemba2013,0.7185185185185184
328,0.9794334,1.2818791946308727,ridge-lambda100-r2#5folds_cv,FreemanZiemba2013,0.7074074074074075
329,0.97948235,1.355704697986577,ridge-lambda100-r2#5folds_cv,FreemanZiemba2013,0.748148148148148
330,0.979531,1.342281879194631,ridge-lambda100-r2#5folds_cv,FreemanZiemba2013,0.7407407407407407
331,0.97957945,1.3758389261744968,ridge-lambda100-r2#5folds_cv,FreemanZiemba2013,0.7592592592592593
332,0.9796276,1.3557046979865772,ridge-lambda100-r2#5folds_cv,FreemanZiemba2013,0.7481481481481481
333,0.9796756,1.342281879194631,ridge-lambda100-r2#5folds_cv,FreemanZiemba2013,0.7407407407407407
334,0.9797233,1.3154362416107381,ridge-lambda100-r2#5folds_cv,FreemanZiemba2013,0.7259259259259259
335,0.9797708,1.2953020134228188,ridge-lambda100-r2#5folds_cv,FreemanZiemba2013,0.7148148148148148
336,0.97981805,1.342281879194631,ridge-lambda100-r2#5folds_cv,FreemanZiemba2013,0.7407407407407407
337,0.97986495,1.302013422818792,ridge-lambda100-r2#5folds_cv,FreemanZiemba2013,0.7185185185185186
338,0.9799118,1.4026845637583893,ridge-lambda100-r2#5folds_cv,FreemanZiemba2013,0.774074074074074
339,0.97995836,1.3288590604026849,ridge-lambda100-r2#5folds_cv,FreemanZiemba2013,0.7333333333333334
340,0.98000467,1.355704697986577,ridge-lambda100-r2#5folds_cv,FreemanZiemba2013,0.748148148148148
341,0.98005086,1.355704697986577,ridge-lambda100-r2#5folds_cv,FreemanZiemba2013,0.748148148148148
342,0.9800967,1.335570469798658,ridge-lambda100-r2#5folds_cv,FreemanZiemba2013,0.737037037037037
343,0.9801425,1.3355704697986577,ridge-lambda100-r2#5folds_cv,FreemanZiemba2013,0.7370370370370369
344,0.980188,1.3355704697986577,ridge-lambda100-r2#5folds_cv,FreemanZiemba2013,0.7370370370370369
345,0.9802332,1.3221476510067114,ridge-lambda100-r2#5folds_cv,FreemanZiemba2013,0.7296296296296295
346,0.9802782,1.3355704697986577,ridge-lambda100-r2#5folds_cv,FreemanZiemba2013,0.7370370370370369
347,0.980323,1.342281879194631,ridge-lambda100-r2#5folds_cv,FreemanZiemba2013,0.7407407407407407
348,0.9803678,1.3624161073825503,ridge-lambda100-r2#5folds_cv,FreemanZiemba2013,0.7518518518518518
349,0.9804122,1.3355704697986577,ridge-lambda100-r2#5folds_cv,FreemanZiemba2013,0.7370370370370369
350,0.98045635,1.3557046979865772,ridge-lambda100-r2#5folds_cv,FreemanZiemba2013,0.7481481481481481
351,0.98050034,1.3691275167785235,ridge-lambda100-r2#5folds_cv,FreemanZiemba2013,0.7555555555555555
352,0.9805442,1.355704697986577,ridge-lambda100-r2#5folds_cv,FreemanZiemba2013,0.748148148148148
353,0.98058784,1.342281879194631,ridge-lambda100-r2#5folds_cv,FreemanZiemba2013,0.7407407407407407
354,0.98063123,1.335570469798658,ridge-lambda100-r2#5folds_cv,FreemanZiemba2013,0.737037037037037
355,0.9806744,1.3154362416107381,ridge-lambda100-r2#5folds_cv,FreemanZiemba2013,0.7259259259259259
356,0.98071736,1.3691275167785233,ridge-lambda100-r2#5folds_cv,FreemanZiemba2013,0.7555555555555554
357,0.9807602,1.3624161073825503,ridge-lambda100-r2#5folds_cv,FreemanZiemba2013,0.7518518518518518
358,0.98080283,1.3557046979865774,ridge-lambda100-r2#5folds_cv,FreemanZiemba2013,0.7481481481481482
359,0.9808453,1.342281879194631,ridge-lambda100-r2#5folds_cv,FreemanZiemba2013,0.7407407407407407
360,0.98088753,1.3154362416107381,ridge-lambda100-r2#5folds_cv,FreemanZiemba2013,0.7259259259259259
361,0.98092955,1.3557046979865774,ridge-lambda100-r2#5folds_cv,FreemanZiemba2013,0.7481481481481482
362,0.98097146,1.3221476510067114,ridge-lambda100-r2#5folds_cv,FreemanZiemba2013,0.7296296296296296
363,0.9810131,1.3221476510067114,ridge-lambda100-r2#5folds_cv,FreemanZiemba2013,0.7296296296296296
364,0.9810546,1.3624161073825503,ridge-lambda100-r2#5folds_cv,FreemanZiemba2013,0.7518518518518518
365,0.9810959,1.2885906040268456,ridge-lambda100-r2#5folds_cv,FreemanZiemba2013,0.711111111111111
366,0.9811371,1.3489932885906042,ridge-lambda100-r2#5folds_cv,FreemanZiemba2013,0.7444444444444445
367,0.981178,1.335570469798658,ridge-lambda100-r2#5folds_cv,FreemanZiemba2013,0.737037037037037
368,0.9812187,1.3825503355704696,ridge-lambda100-r2#5folds_cv,FreemanZiemba2013,0.7629629629629628
369,0.98125935,1.3087248322147649,ridge-lambda100-r2#5folds_cv,FreemanZiemba2013,0.7222222222222221
370,0.98129976,1.3624161073825503,ridge-lambda100-r2#5folds_cv,FreemanZiemba2013,0.7518518518518518
371,0.98133993,1.3221476510067114,ridge-lambda100-r2#5folds_cv,FreemanZiemba2013,0.7296296296296296
372,0.9813801,1.3288590604026849,ridge-lambda100-r2#5folds_cv,FreemanZiemba2013,0.7333333333333334
373,0.98141986,1.3288590604026846,ridge-lambda100-r2#5folds_cv,FreemanZiemba2013,0.7333333333333333
374,0.9814596,1.302013422818792,ridge-lambda100-r2#5folds_cv,FreemanZiemba2013,0.7185185185185186
375,0.9814991,1.3355704697986577,ridge-lambda100-r2#5folds_cv,FreemanZiemba2013,0.7370370370370369
376,0.9815386,1.3691275167785235,ridge-lambda100-r2#5folds_cv,FreemanZiemba2013,0.7555555555555555
377,0.98157775,1.3288590604026849,ridge-lambda100-r2#5folds_cv,FreemanZiemba2013,0.7333333333333334
378,0.9816168,1.3288590604026849,ridge-lambda100-r2#5folds_cv,FreemanZiemba2013,0.7333333333333334
379,0.9816557,1.3892617449664428,ridge-lambda100-r2#5folds_cv,FreemanZiemba2013,0.7666666666666666
380,0.9816944,1.2953020134228188,ridge-lambda100-r2#5folds_cv,FreemanZiemba2013,0.7148148148148148
381,0.98173296,1.3557046979865772,ridge-lambda100-r2#5folds_cv,FreemanZiemba2013,0.7481481481481481
382,0.9817713,1.3154362416107381,ridge-lambda100-r2#5folds_cv,FreemanZiemba2013,0.7259259259259259
383,0.9818095,1.3288590604026846,ridge-lambda100-r2#5folds_cv,FreemanZiemba2013,0.7333333333333333
384,0.9818476,1.3557046979865774,ridge-lambda100-r2#5folds_cv,FreemanZiemba2013,0.7481481481481482
385,0.98188543,1.3691275167785235,ridge-lambda100-r2#5folds_cv,FreemanZiemba2013,0.7555555555555555
386,0.9819232,1.3557046979865772,ridge-lambda100-r2#5folds_cv,FreemanZiemba2013,0.7481481481481481
387,0.9819608,1.342281879194631,ridge-lambda100-r2#5folds_cv,FreemanZiemba2013,0.7407407407407407
388,0.98199815,1.3221476510067114,ridge-lambda100-r2#5folds_cv,FreemanZiemba2013,0.7296296296296296
389,0.98203546,1.3557046979865772,ridge-lambda100-r2#5folds_cv,FreemanZiemba2013,0.7481481481481481
390,0.98207265,1.3288590604026846,ridge-lambda100-r2#5folds_cv,FreemanZiemba2013,0.7333333333333333
391,0.98210967,1.3691275167785235,ridge-lambda100-r2#5folds_cv,FreemanZiemba2013,0.7555555555555555
392,0.9821464,1.389261744966443,ridge-lambda100-r2#5folds_cv,FreemanZiemba2013,0.7666666666666667
393,0.9821831,1.342281879194631,ridge-lambda100-r2#5folds_cv,FreemanZiemba2013,0.7407407407407407
394,0.9822195,1.2953020134228188,ridge-lambda100-r2#5folds_cv,FreemanZiemba2013,0.7148148148148148
395,0.98225594,1.3355704697986577,ridge-lambda100-r2#5folds_cv,FreemanZiemba2013,0.7370370370370369
396,0.9822922,1.3758389261744965,ridge-lambda100-r2#5folds_cv,FreemanZiemba2013,0.7592592592592592
397,0.9823281,1.3288590604026846,ridge-lambda100-r2#5folds_cv,FreemanZiemba2013,0.7333333333333333
398,0.9823642,1.3557046979865772,ridge-lambda100-r2#5folds_cv,FreemanZiemba2013,0.7481481481481481
399,0.98239994,1.342281879194631,ridge-lambda100-r2#5folds_cv,FreemanZiemba2013,0.7407407407407407
400,0.9824356,1.3825503355704698,ridge-lambda100-r2#5folds_cv,FreemanZiemba2013,0.762962962962963
401,0.9824711,1.3691275167785235,ridge-lambda100-r2#5folds_cv,FreemanZiemba2013,0.7555555555555555
402,0.9825064,1.395973154362416,ridge-lambda100-r2#5folds_cv,FreemanZiemba2013,0.7703703703703704
403,0.9825417,1.335570469798658,ridge-lambda100-r2#5folds_cv,FreemanZiemba2013,0.737037037037037
404,0.9825767,1.3557046979865772,ridge-lambda100-r2#5folds_cv,FreemanZiemba2013,0.7481481481481481
405,0.98261166,1.3355704697986581,ridge-lambda100-r2#5folds_cv,FreemanZiemba2013,0.7370370370370372
406,0.98264647,1.3489932885906042,ridge-lambda100-r2#5folds_cv,FreemanZiemba2013,0.7444444444444445
407,0.9826811,1.3489932885906042,ridge-lambda100-r2#5folds_cv,FreemanZiemba2013,0.7444444444444445
408,0.9827156,1.3154362416107381,ridge-lambda100-r2#5folds_cv,FreemanZiemba2013,0.7259259259259259
409,0.98275006,1.3221476510067114,ridge-lambda100-r2#5folds_cv,FreemanZiemba2013,0.7296296296296296
410,0.9827843,1.3154362416107386,ridge-lambda100-r2#5folds_cv,FreemanZiemba2013,0.7259259259259261
411,0.9828184,1.3557046979865772,ridge-lambda100-r2#5folds_cv,FreemanZiemba2013,0.7481481481481481
412,0.98285234,1.3624161073825505,ridge-lambda100-r2#5folds_cv,FreemanZiemba2013,0.7518518518518519
413,0.9828862,1.3758389261744968,ridge-lambda100-r2#5folds_cv,FreemanZiemba2013,0.7592592592592593
414,0.98292,1.4093959731543626,ridge-lambda100-r2#5folds_cv,FreemanZiemba2013,0.7777777777777778
415,0.98295355,1.2416107382550337,ridge-lambda100-r2#5folds_cv,FreemanZiemba2013,0.6851851851851852
416,0.98298705,1.3020134228187918,ridge-lambda100-r2#5folds_cv,FreemanZiemba2013,0.7185185185185184
417,0.9830204,1.395973154362416,ridge-lambda100-r2#5folds_cv,FreemanZiemba2013,0.7703703703703704
418,0.98305357,1.4161073825503356,ridge-lambda100-r2#5folds_cv,FreemanZiemba2013,0.7814814814814814
419,0.9830867,1.2818791946308723,ridge-lambda100-r2#5folds_cv,FreemanZiemba2013,0.7074074074074073
420,0.98311967,1.38255033557047,ridge-lambda100-r2#5folds_cv,FreemanZiemba2013,0.7629629629629631
421,0.9831525,1.4093959731543624,ridge-lambda100-r2#5folds_cv,FreemanZiemba2013,0.7777777777777777
422,0.9831852,1.3489932885906042,ridge-lambda100-r2#5folds_cv,FreemanZiemba2013,0.7444444444444445
423,0.98321784,1.3489932885906042,ridge-lambda100-r2#5folds_cv,FreemanZiemba2013,0.7444444444444445
424,0.98325026,1.342281879194631,ridge-lambda100-r2#5folds_cv,FreemanZiemba2013,0.7407407407407407
425,0.9832827,1.3691275167785235,ridge-lambda100-r2#5folds_cv,FreemanZiemba2013,0.7555555555555555
426,0.9833148,1.3020134228187916,ridge-lambda100-r2#5folds_cv,FreemanZiemba2013,0.7185185185185183
427,0.98334694,1.3825503355704696,ridge-lambda100-r2#5folds_cv,FreemanZiemba2013,0.7629629629629628
428,0.9833789,1.3624161073825503,ridge-lambda100-r2#5folds_cv,FreemanZiemba2013,0.7518518518518518
429,0.98341084,1.4093959731543624,ridge-lambda100-r2#5folds_cv,FreemanZiemba2013,0.7777777777777777
430,0.9834425,1.3288590604026849,ridge-lambda100-r2#5folds_cv,FreemanZiemba2013,0.7333333333333334
431,0.98347414,1.4026845637583891,ridge-lambda100-r2#5folds_cv,FreemanZiemba2013,0.7740740740740739
432,0.9835056,1.4026845637583893,ridge-lambda100-r2#5folds_cv,FreemanZiemba2013,0.774074074074074
433,0.9835371,1.3221476510067114,ridge-lambda100-r2#5folds_cv,FreemanZiemba2013,0.7296296296296296
434,0.9835684,1.3758389261744968,ridge-lambda100-r2#5folds_cv,FreemanZiemba2013,0.7592592592592593
435,0.9835995,1.3557046979865774,ridge-lambda100-r2#5folds_cv,FreemanZiemba2013,0.7481481481481482
436,0.98363054,1.342281879194631,ridge-lambda100-r2#5folds_cv,FreemanZiemba2013,0.7407407407407407
437,0.9836615,1.3691275167785235,ridge-lambda100-r2#5folds_cv,FreemanZiemba2013,0.7555555555555555
438,0.9836923,1.3691275167785235,ridge-lambda100-r2#5folds_cv,FreemanZiemba2013,0.7555555555555555
439,0.98372304,1.3221476510067114,ridge-lambda100-r2#5folds_cv,FreemanZiemba2013,0.7296296296296296
440,0.98375356,1.308724832214765,ridge-lambda100-r2#5folds_cv,FreemanZiemba2013,0.7222222222222222
441,0.9837841,1.335570469798658,ridge-lambda100-r2#5folds_cv,FreemanZiemba2013,0.737037037037037
442,0.98381454,1.3691275167785235,ridge-lambda100-r2#5folds_cv,FreemanZiemba2013,0.7555555555555555
443,0.98384476,1.3221476510067114,ridge-lambda100-r2#5folds_cv,FreemanZiemba2013,0.7296296296296296
444,0.9838749,1.3557046979865772,ridge-lambda100-r2#5folds_cv,FreemanZiemba2013,0.7481481481481481
445,0.983905,1.3557046979865774,ridge-lambda100-r2#5folds_cv,FreemanZiemba2013,0.7481481481481482
446,0.983935,1.3288590604026846,ridge-lambda100-r2#5folds_cv,FreemanZiemba2013,0.7333333333333333
447,0.9839648,1.348993288590604,ridge-lambda100-r2#5folds_cv,FreemanZiemba2013,0.7444444444444444
448,0.9839945,1.3624161073825503,ridge-lambda100-r2#5folds_cv,FreemanZiemba2013,0.7518518518518518
449,0.9840242,1.3758389261744968,ridge-lambda100-r2#5folds_cv,FreemanZiemba2013,0.7592592592592593
450,0.98405373,1.3624161073825503,ridge-lambda100-r2#5folds_cv,FreemanZiemba2013,0.7518518518518518
451,0.98408306,1.302013422818792,ridge-lambda100-r2#5folds_cv,FreemanZiemba2013,0.7185185185185186
452,0.98411256,1.3691275167785235,ridge-lambda100-r2#5folds_cv,FreemanZiemba2013,0.7555555555555555
453,0.98414165,1.3020134228187918,ridge-lambda100-r2#5folds_cv,FreemanZiemba2013,0.7185185185185184
454,0.9841708,1.4093959731543624,ridge-lambda100-r2#5folds_cv,FreemanZiemba2013,0.7777777777777777
455,0.9841997,1.335570469798658,ridge-lambda100-r2#5folds_cv,FreemanZiemba2013,0.737037037037037
456,0.98422873,1.3892617449664428,ridge-lambda100-r2#5folds_cv,FreemanZiemba2013,0.7666666666666666
457,0.9842575,1.3355704697986577,ridge-lambda100-r2#5folds_cv,FreemanZiemba2013,0.7370370370370369
458,0.9842862,1.2885906040268456,ridge-lambda100-r2#5folds_cv,FreemanZiemba2013,0.711111111111111
459,0.9843148,1.38255033557047,ridge-lambda100-r2#5folds_cv,FreemanZiemba2013,0.7629629629629631
460,0.98434335,1.355704697986577,ridge-lambda100-r2#5folds_cv,FreemanZiemba2013,0.748148148148148
461,0.9843718,1.3892617449664428,ridge-lambda100-r2#5folds_cv,FreemanZiemba2013,0.7666666666666666
462,0.9844001,1.395973154362416,ridge-lambda100-r2#5folds_cv,FreemanZiemba2013,0.7703703703703704
463,0.9844283,1.3557046979865774,ridge-lambda100-r2#5folds_cv,FreemanZiemba2013,0.7481481481481482
464,0.9844564,1.389261744966443,ridge-lambda100-r2#5folds_cv,FreemanZiemba2013,0.7666666666666667
465,0.9844845,1.3624161073825503,ridge-lambda100-r2#5folds_cv,FreemanZiemba2013,0.7518518518518518
466,0.98451245,1.2953020134228188,ridge-lambda100-r2#5folds_cv,FreemanZiemba2013,0.7148148148148148
467,0.9845403,1.4093959731543626,ridge-lambda100-r2#5folds_cv,FreemanZiemba2013,0.7777777777777778
468,0.984568,1.355704697986577,ridge-lambda100-r2#5folds_cv,FreemanZiemba2013,0.748148148148148
469,0.98459566,1.3557046979865774,ridge-lambda100-r2#5folds_cv,FreemanZiemba2013,0.7481481481481482
470,0.98462313,1.3624161073825503,ridge-lambda100-r2#5folds_cv,FreemanZiemba2013,0.7518518518518518
471,0.98465073,1.308724832214765,ridge-lambda100-r2#5folds_cv,FreemanZiemba2013,0.7222222222222222
472,0.9846781,1.3557046979865774,ridge-lambda100-r2#5folds_cv,FreemanZiemba2013,0.7481481481481482
473,0.9847053,1.3892617449664428,ridge-lambda100-r2#5folds_cv,FreemanZiemba2013,0.7666666666666666
474,0.9847325,1.3624161073825505,ridge-lambda100-r2#5folds_cv,FreemanZiemba2013,0.7518518518518519
475,0.9847596,1.3355704697986577,ridge-lambda100-r2#5folds_cv,FreemanZiemba2013,0.7370370370370369
476,0.9847866,1.3691275167785233,ridge-lambda100-r2#5folds_cv,FreemanZiemba2013,0.7555555555555554
477,0.9848136,1.395973154362416,ridge-lambda100-r2#5folds_cv,FreemanZiemba2013,0.7703703703703704
478,0.9848403,1.3020134228187918,ridge-lambda100-r2#5folds_cv,FreemanZiemba2013,0.7185185185185184
479,0.9848671,1.3154362416107381,ridge-lambda100-r2#5folds_cv,FreemanZiemba2013,0.7259259259259259
480,0.9848938,1.3825503355704698,ridge-lambda100-r2#5folds_cv,FreemanZiemba2013,0.762962962962963
481,0.9849203,1.3624161073825503,ridge-lambda100-r2#5folds_cv,FreemanZiemba2013,0.7518518518518518
482,0.9849467,1.3221476510067114,ridge-lambda100-r2#5folds_cv,FreemanZiemba2013,0.7296296296296296
483,0.98497313,1.2953020134228188,ridge-lambda100-r2#5folds_cv,FreemanZiemba2013,0.7148148148148148
484,0.9849995,1.3288590604026846,ridge-lambda100-r2#5folds_cv,FreemanZiemba2013,0.7333333333333333
485,0.9850257,1.3489932885906042,ridge-lambda100-r2#5folds_cv,FreemanZiemba2013,0.7444444444444445
486,0.9850518,1.3489932885906042,ridge-lambda100-r2#5folds_cv,FreemanZiemba2013,0.7444444444444445
487,0.98507786,1.3489932885906042,ridge-lambda100-r2#5folds_cv,FreemanZiemba2013,0.7444444444444445
488,0.9851038,1.3355704697986577,ridge-lambda100-r2#5folds_cv,FreemanZiemba2013,0.7370370370370369
489,0.98512965,1.3355704697986577,ridge-lambda100-r2#5folds_cv,FreemanZiemba2013,0.7370370370370369
490,0.98515546,1.3288590604026846,ridge-lambda100-r2#5folds_cv,FreemanZiemba2013,0.7333333333333333
491,0.98518115,1.4161073825503356,ridge-lambda100-r2#5folds_cv,FreemanZiemba2013,0.7814814814814814
492,0.9852068,1.3825503355704698,ridge-lambda100-r2#5folds_cv,FreemanZiemba2013,0.762962962962963
493,0.98523235,1.3221476510067114,ridge-lambda100-r2#5folds_cv,FreemanZiemba2013,0.7296296296296296
494,0.98525774,1.3221476510067114,ridge-lambda100-r2#5folds_cv,FreemanZiemba2013,0.7296296296296296
495,0.9852831,1.3825503355704698,ridge-lambda100-r2#5folds_cv,FreemanZiemba2013,0.762962962962963
496,0.98530847,1.3221476510067114,ridge-lambda100-r2#5folds_cv,FreemanZiemba2013,0.7296296296296296
497,0.9853336,1.2818791946308727,ridge-lambda100-r2#5folds_cv,FreemanZiemba2013,0.7074074074074075
498,0.98535883,1.3624161073825503,ridge-lambda100-r2#5folds_cv,FreemanZiemba2013,0.7518518518518518
499,0.98538387,1.429530201342282,ridge-lambda100-r2#5folds_cv,FreemanZiemba2013,0.7888888888888889
500,0.9854088,1.3758389261744965,ridge-lambda100-r2#5folds_cv,FreemanZiemba2013,0.7592592592592592
501,0.9854337,1.3020134228187918,ridge-lambda100-r2#5folds_cv,FreemanZiemba2013,0.7185185185185184
502,0.9854585,1.3489932885906042,ridge-lambda100-r2#5folds_cv,FreemanZiemba2013,0.7444444444444445
503,0.9854833,1.4026845637583896,ridge-lambda100-r2#5folds_cv,FreemanZiemba2013,0.7740740740740741
504,0.98550785,1.308724832214765,ridge-lambda100-r2#5folds_cv,FreemanZiemba2013,0.7222222222222222
505,0.98553246,1.25503355704698,ridge-lambda100-r2#5folds_cv,FreemanZiemba2013,0.6925925925925926
506,0.98555696,1.335570469798658,ridge-lambda100-r2#5folds_cv,FreemanZiemba2013,0.737037037037037
507,0.9855814,1.3154362416107381,ridge-lambda100-r2#5folds_cv,FreemanZiemba2013,0.7259259259259259
508,0.9856057,1.4161073825503356,ridge-lambda100-r2#5folds_cv,FreemanZiemba2013,0.7814814814814814
509,0.98563004,1.422818791946309,ridge-lambda100-r2#5folds_cv,FreemanZiemba2013,0.7851851851851852
510,0.98565423,1.3691275167785235,ridge-lambda100-r2#5folds_cv,FreemanZiemba2013,0.7555555555555555
511,0.9856783,1.3087248322147653,ridge-lambda100-r2#5folds_cv,FreemanZiemba2013,0.7222222222222223
512,0.9857024,1.2684563758389262,ridge-lambda100-r2#5folds_cv,FreemanZiemba2013,0.7
513,0.98572636,1.3825503355704698,ridge-lambda100-r2#5folds_cv,FreemanZiemba2013,0.762962962962963
514,0.9857502,1.436241610738255,ridge-lambda100-r2#5folds_cv,FreemanZiemba2013,0.7925925925925925
515,0.98577404,1.3288590604026849,ridge-lambda100-r2#5folds_cv,FreemanZiemba2013,0.7333333333333334
516,0.98579776,1.3221476510067114,ridge-lambda100-r2#5folds_cv,FreemanZiemba2013,0.7296296296296296
517,0.98582155,1.3691275167785233,ridge-lambda100-r2#5folds_cv,FreemanZiemba2013,0.7555555555555554
518,0.9858451,1.2818791946308725,ridge-lambda100-r2#5folds_cv,FreemanZiemba2013,0.7074074074074074
519,0.98586863,1.3624161073825503,ridge-lambda100-r2#5folds_cv,FreemanZiemba2013,0.7518518518518518
520,0.9858921,1.3489932885906042,ridge-lambda100-r2#5folds_cv,FreemanZiemba2013,0.7444444444444445
521,0.9859155,1.342281879194631,ridge-lambda100-r2#5folds_cv,FreemanZiemba2013,0.7407407407407407
522,0.98593885,1.3892617449664428,ridge-lambda100-r2#5folds_cv,FreemanZiemba2013,0.7666666666666666
523,0.9859621,1.3154362416107384,ridge-lambda100-r2#5folds_cv,FreemanZiemba2013,0.725925925925926
524,0.9859853,1.3557046979865772,ridge-lambda100-r2#5folds_cv,FreemanZiemba2013,0.7481481481481481
525,0.98600835,1.2953020134228188,ridge-lambda100-r2#5folds_cv,FreemanZiemba2013,0.7148148148148148
526,0.98603135,1.3557046979865774,ridge-lambda100-r2#5folds_cv,FreemanZiemba2013,0.7481481481481482
527,0.9860544,1.4026845637583896,ridge-lambda100-r2#5folds_cv,FreemanZiemba2013,0.7740740740740741
528,0.9860773,1.3557046979865774,ridge-lambda100-r2#5folds_cv,FreemanZiemba2013,0.7481481481481482
529,0.9861,1.3221476510067114,ridge-lambda100-r2#5folds_cv,FreemanZiemba2013,0.7296296296296296
530,0.9861229,1.3154362416107381,ridge-lambda100-r2#5folds_cv,FreemanZiemba2013,0.7259259259259259
531,0.9861456,1.3557046979865772,ridge-lambda100-r2#5folds_cv,FreemanZiemba2013,0.7481481481481481
532,0.9861682,1.342281879194631,ridge-lambda100-r2#5folds_cv,FreemanZiemba2013,0.7407407407407407
533,0.9861908,1.3489932885906042,ridge-lambda100-r2#5folds_cv,FreemanZiemba2013,0.7444444444444445
534,0.9862132,1.2885906040268456,ridge-lambda100-r2#5folds_cv,FreemanZiemba2013,0.711111111111111
535,0.9862356,1.3758389261744963,ridge-lambda100-r2#5folds_cv,FreemanZiemba2013,0.7592592592592591
536,0.98625803,1.2885906040268458,ridge-lambda100-r2#5folds_cv,FreemanZiemba2013,0.7111111111111111
537,0.98628026,1.308724832214765,ridge-lambda100-r2#5folds_cv,FreemanZiemba2013,0.7222222222222222
538,0.9863025,1.335570469798658,ridge-lambda100-r2#5folds_cv,FreemanZiemba2013,0.737037037037037
539,0.98632467,1.342281879194631,ridge-lambda100-r2#5folds_cv,FreemanZiemba2013,0.7407407407407407
540,0.98634684,1.3355704697986577,ridge-lambda100-r2#5folds_cv,FreemanZiemba2013,0.7370370370370369
541,0.98636883,1.3221476510067114,ridge-lambda100-r2#5folds_cv,FreemanZiemba2013,0.7296296296296296
542,0.98639077,1.3758389261744968,ridge-lambda100-r2#5folds_cv,FreemanZiemba2013,0.7592592592592593
543,0.9864127,1.3020134228187918,ridge-lambda100-r2#5folds_cv,FreemanZiemba2013,0.7185185185185184
544,0.9864346,1.4026845637583893,ridge-lambda100-r2#5folds_cv,FreemanZiemba2013,0.774074074074074
545,0.9864563,1.2818791946308725,ridge-lambda100-r2#5folds_cv,FreemanZiemba2013,0.7074074074074074
546,0.98647803,1.3892617449664428,ridge-lambda100-r2#5folds_cv,FreemanZiemba2013,0.7666666666666666
547,0.98649967,1.3758389261744968,ridge-lambda100-r2#5folds_cv,FreemanZiemba2013,0.7592592592592593
548,0.98652136,1.3758389261744965,ridge-lambda100-r2#5folds_cv,FreemanZiemba2013,0.7592592592592592
549,0.9865428,1.261744966442953,ridge-lambda100-r2#5folds_cv,FreemanZiemba2013,0.6962962962962962
550,0.9865643,1.342281879194631,ridge-lambda100-r2#5folds_cv,FreemanZiemba2013,0.7407407407407407
551,0.9865856,1.3288590604026846,ridge-lambda100-r2#5folds_cv,FreemanZiemba2013,0.7333333333333333
552,0.98660696,1.3758389261744968,ridge-lambda100-r2#5folds_cv,FreemanZiemba2013,0.7592592592592593
553,0.98662835,1.3020134228187918,ridge-lambda100-r2#5folds_cv,FreemanZiemba2013,0.7185185185185184
554,0.9866495,1.3288590604026846,ridge-lambda100-r2#5folds_cv,FreemanZiemba2013,0.7333333333333333
555,0.9866707,1.261744966442953,ridge-lambda100-r2#5folds_cv,FreemanZiemba2013,0.6962962962962962
556,0.9866918,1.3691275167785235,ridge-lambda100-r2#5folds_cv,FreemanZiemba2013,0.7555555555555555
557,0.98671275,1.3691275167785235,ridge-lambda100-r2#5folds_cv,FreemanZiemba2013,0.7555555555555555
558,0.98673373,1.2348993288590604,ridge-lambda100-r2#5folds_cv,FreemanZiemba2013,0.6814814814814815
559,0.9867547,1.342281879194631,ridge-lambda100-r2#5folds_cv,FreemanZiemba2013,0.7407407407407407
560,0.9867756,1.3221476510067114,ridge-lambda100-r2#5folds_cv,FreemanZiemba2013,0.7296296296296296
561,0.9867964,1.3087248322147649,ridge-lambda100-r2#5folds_cv,FreemanZiemba2013,0.7222222222222221
562,0.98681706,1.3154362416107381,ridge-lambda100-r2#5folds_cv,FreemanZiemba2013,0.7259259259259259
563,0.98683774,1.3489932885906042,ridge-lambda100-r2#5folds_cv,FreemanZiemba2013,0.7444444444444445
564,0.98685837,1.3691275167785235,ridge-lambda100-r2#5folds_cv,FreemanZiemba2013,0.7555555555555555
565,0.986879,1.335570469798658,ridge-lambda100-r2#5folds_cv,FreemanZiemba2013,0.737037037037037
566,0.9868995,1.3758389261744968,ridge-lambda100-r2#5folds_cv,FreemanZiemba2013,0.7592592592592593
567,0.98692,1.342281879194631,ridge-lambda100-r2#5folds_cv,FreemanZiemba2013,0.7407407407407407
568,0.98694026,1.302013422818792,ridge-lambda100-r2#5folds_cv,FreemanZiemba2013,0.7185185185185186
569,0.9869607,1.342281879194631,ridge-lambda100-r2#5folds_cv,FreemanZiemba2013,0.7407407407407407
570,0.9869809,1.3288590604026849,ridge-lambda100-r2#5folds_cv,FreemanZiemba2013,0.7333333333333334
571,0.9870011,1.395973154362416,ridge-lambda100-r2#5folds_cv,FreemanZiemba2013,0.7703703703703704
572,0.9870213,1.342281879194631,ridge-lambda100-r2#5folds_cv,FreemanZiemba2013,0.7407407407407407
573,0.9870415,1.3825503355704698,ridge-lambda100-r2#5folds_cv,FreemanZiemba2013,0.762962962962963
574,0.9870616,1.3087248322147649,ridge-lambda100-r2#5folds_cv,FreemanZiemba2013,0.7222222222222221
575,0.9870815,1.302013422818792,ridge-lambda100-r2#5folds_cv,FreemanZiemba2013,0.7185185185185186
576,0.98710144,1.2818791946308727,ridge-lambda100-r2#5folds_cv,FreemanZiemba2013,0.7074074074074075
577,0.9871214,1.3489932885906042,ridge-lambda100-r2#5folds_cv,FreemanZiemba2013,0.7444444444444445
578,0.98714113,1.335570469798658,ridge-lambda100-r2#5folds_cv,FreemanZiemba2013,0.737037037037037
579,0.987161,1.3087248322147653,ridge-lambda100-r2#5folds_cv,FreemanZiemba2013,0.7222222222222223
580,0.9871807,1.3691275167785235,ridge-lambda100-r2#5folds_cv,FreemanZiemba2013,0.7555555555555555
581,0.9872004,1.4093959731543626,ridge-lambda100-r2#5folds_cv,FreemanZiemba2013,0.7777777777777778
582,0.98722,1.3154362416107381,ridge-lambda100-r2#5folds_cv,FreemanZiemba2013,0.7259259259259259
583,0.98723966,1.3355704697986577,ridge-lambda100-r2#5folds_cv,FreemanZiemba2013,0.7370370370370369
584,0.9872591,1.342281879194631,ridge-lambda100-r2#5folds_cv,FreemanZiemba2013,0.7407407407407407
585,0.98727864,1.2818791946308727,ridge-lambda100-r2#5folds_cv,FreemanZiemba2013,0.7074074074074075
586,0.987298,1.3355704697986577,ridge-lambda100-r2#5folds_cv,FreemanZiemba2013,0.7370370370370369
587,0.9873174,1.335570469798658,ridge-lambda100-r2#5folds_cv,FreemanZiemba2013,0.737037037037037
588,0.98733675,1.3489932885906042,ridge-lambda100-r2#5folds_cv,FreemanZiemba2013,0.7444444444444445
589,0.987356,1.2885906040268456,ridge-lambda100-r2#5folds_cv,FreemanZiemba2013,0.711111111111111
590,0.98737514,1.3355704697986577,ridge-lambda100-r2#5folds_cv,FreemanZiemba2013,0.7370370370370369
591,0.98739433,1.3087248322147649,ridge-lambda100-r2#5folds_cv,FreemanZiemba2013,0.7222222222222221
592,0.9874134,1.2617449664429532,ridge-lambda100-r2#5folds_cv,FreemanZiemba2013,0.6962962962962963
593,0.9874325,1.3624161073825505,ridge-lambda100-r2#5folds_cv,FreemanZiemba2013,0.7518518518518519
594,0.98745143,1.3154362416107381,ridge-lambda100-r2#5folds_cv,FreemanZiemba2013,0.7259259259259259
595,0.98747045,1.3355704697986577,ridge-lambda100-r2#5folds_cv,FreemanZiemba2013,0.7370370370370369
596,0.98748934,1.3355704697986577,ridge-lambda100-r2#5folds_cv,FreemanZiemba2013,0.7370370370370369
597,0.9875082,1.342281879194631,ridge-lambda100-r2#5folds_cv,FreemanZiemba2013,0.7407407407407407
598,0.987527,1.2751677852348995,ridge-lambda100-r2#5folds_cv,FreemanZiemba2013,0.7037037037037037
599,0.9875458,1.3489932885906042,ridge-lambda100-r2#5folds_cv,FreemanZiemba2013,0.7444444444444445
600,0.98756444,1.335570469798658,ridge-lambda100-r2#5folds_cv,FreemanZiemba2013,0.737037037037037
601,0.98758304,1.2885906040268458,ridge-lambda100-r2#5folds_cv,FreemanZiemba2013,0.7111111111111111
602,0.98760176,1.335570469798658,ridge-lambda100-r2#5folds_cv,FreemanZiemba2013,0.737037037037037
603,0.98762023,1.3288590604026846,ridge-lambda100-r2#5folds_cv,FreemanZiemba2013,0.7333333333333333
604,0.9876388,1.3288590604026849,ridge-lambda100-r2#5folds_cv,FreemanZiemba2013,0.7333333333333334
605,0.98765725,1.2751677852348995,ridge-lambda100-r2#5folds_cv,FreemanZiemba2013,0.7037037037037037
606,0.98767567,1.308724832214765,ridge-lambda100-r2#5folds_cv,FreemanZiemba2013,0.7222222222222222
607,0.98769397,1.302013422818792,ridge-lambda100-r2#5folds_cv,FreemanZiemba2013,0.7185185185185186
608,0.98771226,1.3355704697986577,ridge-lambda100-r2#5folds_cv,FreemanZiemba2013,0.7370370370370369
609,0.9877306,1.3489932885906042,ridge-lambda100-r2#5folds_cv,FreemanZiemba2013,0.7444444444444445
610,0.9877489,1.308724832214765,ridge-lambda100-r2#5folds_cv,FreemanZiemba2013,0.7222222222222222
611,0.98776704,1.302013422818792,ridge-lambda100-r2#5folds_cv,FreemanZiemba2013,0.7185185185185186
612,0.98778516,1.3489932885906042,ridge-lambda100-r2#5folds_cv,FreemanZiemba2013,0.7444444444444445
613,0.98780316,1.3758389261744968,ridge-lambda100-r2#5folds_cv,FreemanZiemba2013,0.7592592592592593
614,0.9878212,1.25503355704698,ridge-lambda100-r2#5folds_cv,FreemanZiemba2013,0.6925925925925926
615,0.9878392,1.3624161073825503,ridge-lambda100-r2#5folds_cv,FreemanZiemba2013,0.7518518518518518
616,0.98785716,1.3489932885906042,ridge-lambda100-r2#5folds_cv,FreemanZiemba2013,0.7444444444444445
617,0.9878751,1.3489932885906042,ridge-lambda100-r2#5folds_cv,FreemanZiemba2013,0.7444444444444445
618,0.9878929,1.3691275167785235,ridge-lambda100-r2#5folds_cv,FreemanZiemba2013,0.7555555555555555
619,0.98791075,1.335570469798658,ridge-lambda100-r2#5folds_cv,FreemanZiemba2013,0.737037037037037
620,0.9879285,1.3489932885906042,ridge-lambda100-r2#5folds_cv,FreemanZiemba2013,0.7444444444444445
621,0.9879462,1.3154362416107381,ridge-lambda100-r2#5folds_cv,FreemanZiemba2013,0.7259259259259259
622,0.98796386,1.3288590604026849,ridge-lambda100-r2#5folds_cv,FreemanZiemba2013,0.7333333333333334
623,0.98798144,1.3087248322147649,ridge-lambda100-r2#5folds_cv,FreemanZiemba2013,0.7222222222222221
624,0.9879991,1.335570469798658,ridge-lambda100-r2#5folds_cv,FreemanZiemba2013,0.737037037037037
625,0.9880166,1.2953020134228188,ridge-lambda100-r2#5folds_cv,FreemanZiemba2013,0.7148148148148148
626,0.98803407,1.3020134228187918,ridge-lambda100-r2#5folds_cv,FreemanZiemba2013,0.7185185185185184
627,0.98805153,1.3221476510067114,ridge-lambda100-r2#5folds_cv,FreemanZiemba2013,0.7296296296296296
628,0.98806894,1.3825503355704696,ridge-lambda100-r2#5folds_cv,FreemanZiemba2013,0.7629629629629628
629,0.98808634,1.3154362416107384,ridge-lambda100-r2#5folds_cv,FreemanZiemba2013,0.725925925925926
630,0.98810357,1.3557046979865772,ridge-lambda100-r2#5folds_cv,FreemanZiemba2013,0.7481481481481481
631,0.9881209,1.2751677852348995,ridge-lambda100-r2#5folds_cv,FreemanZiemba2013,0.7037037037037037
632,0.988138,1.3087248322147653,ridge-lambda100-r2#5folds_cv,FreemanZiemba2013,0.7222222222222223
633,0.98815525,1.3691275167785235,ridge-lambda100-r2#5folds_cv,FreemanZiemba2013,0.7555555555555555
634,0.9881724,1.302013422818792,ridge-lambda100-r2#5folds_cv,FreemanZiemba2013,0.7185185185185186
635,0.9881895,1.3221476510067114,ridge-lambda100-r2#5folds_cv,FreemanZiemba2013,0.7296296296296296
636,0.98820657,1.2818791946308723,ridge-lambda100-r2#5folds_cv,FreemanZiemba2013,0.7074074074074073
637,0.98822355,1.2751677852348995,ridge-lambda100-r2#5folds_cv,FreemanZiemba2013,0.7037037037037037
638,0.98824054,1.3691275167785235,ridge-lambda100-r2#5folds_cv,FreemanZiemba2013,0.7555555555555555
639,0.9882574,1.2818791946308725,ridge-lambda100-r2#5folds_cv,FreemanZiemba2013,0.7074074074074074
640,0.9882743,1.3825503355704696,ridge-lambda100-r2#5folds_cv,FreemanZiemba2013,0.7629629629629628
641,0.98829114,1.342281879194631,ridge-lambda100-r2#5folds_cv,FreemanZiemba2013,0.7407407407407407
642,0.98830795,1.342281879194631,ridge-lambda100-r2#5folds_cv,FreemanZiemba2013,0.7407407407407407
643,0.98832476,1.2818791946308727,ridge-lambda100-r2#5folds_cv,FreemanZiemba2013,0.7074074074074075
644,0.98834145,1.3691275167785235,ridge-lambda100-r2#5folds_cv,FreemanZiemba2013,0.7555555555555555
645,0.98835814,1.221476510067114,ridge-lambda100-r2#5folds_cv,FreemanZiemba2013,0.674074074074074
646,0.9883747,1.355704697986577,ridge-lambda100-r2#5folds_cv,FreemanZiemba2013,0.748148148148148
647,0.9883913,1.3154362416107381,ridge-lambda100-r2#5folds_cv,FreemanZiemba2013,0.7259259259259259
648,0.9884079,1.3557046979865772,ridge-lambda100-r2#5folds_cv,FreemanZiemba2013,0.7481481481481481
649,0.9884244,1.3758389261744968,ridge-lambda100-r2#5folds_cv,FreemanZiemba2013,0.7592592592592593
650,0.9884409,1.2818791946308727,ridge-lambda100-r2#5folds_cv,FreemanZiemba2013,0.7074074074074075
651,0.9884573,1.2348993288590604,ridge-lambda100-r2#5folds_cv,FreemanZiemba2013,0.6814814814814815
652,0.9884737,1.2684563758389262,ridge-lambda100-r2#5folds_cv,FreemanZiemba2013,0.7
653,0.9884901,1.2885906040268456,ridge-lambda100-r2#5folds_cv,FreemanZiemba2013,0.711111111111111
654,0.9885063,1.2885906040268456,ridge-lambda100-r2#5folds_cv,FreemanZiemba2013,0.711111111111111
655,0.98852265,1.4161073825503356,ridge-lambda100-r2#5folds_cv,FreemanZiemba2013,0.7814814814814814
656,0.98853886,1.2751677852348995,ridge-lambda100-r2#5folds_cv,FreemanZiemba2013,0.7037037037037037
657,0.98855495,1.395973154362416,ridge-lambda100-r2#5folds_cv,FreemanZiemba2013,0.7703703703703704
658,0.98857117,1.355704697986577,ridge-lambda100-r2#5folds_cv,FreemanZiemba2013,0.748148148148148
659,0.98858726,1.2885906040268458,ridge-lambda100-r2#5folds_cv,FreemanZiemba2013,0.7111111111111111
660,0.9886034,1.3154362416107381,ridge-lambda100-r2#5folds_cv,FreemanZiemba2013,0.7259259259259259
661,0.98861945,1.335570469798658,ridge-lambda100-r2#5folds_cv,FreemanZiemba2013,0.737037037037037
662,0.98863536,1.3221476510067114,ridge-lambda100-r2#5folds_cv,FreemanZiemba2013,0.7296296296296295
663,0.9886513,1.2818791946308727,ridge-lambda100-r2#5folds_cv,FreemanZiemba2013,0.7074074074074075
664,0.9886673,1.3221476510067114,ridge-lambda100-r2#5folds_cv,FreemanZiemba2013,0.7296296296296296
665,0.9886831,1.3825503355704696,ridge-lambda100-r2#5folds_cv,FreemanZiemba2013,0.7629629629629628
666,0.98869896,1.3154362416107381,ridge-lambda100-r2#5folds_cv,FreemanZiemba2013,0.7259259259259259
667,0.9887148,1.3087248322147649,ridge-lambda100-r2#5folds_cv,FreemanZiemba2013,0.7222222222222221
668,0.98873055,1.308724832214765,ridge-lambda100-r2#5folds_cv,FreemanZiemba2013,0.7222222222222222
669,0.9887463,1.3221476510067114,ridge-lambda100-r2#5folds_cv,FreemanZiemba2013,0.7296296296296296
670,0.9887619,1.342281879194631,ridge-lambda100-r2#5folds_cv,FreemanZiemba2013,0.7407407407407407
671,0.9887775,1.3355704697986577,ridge-lambda100-r2#5folds_cv,FreemanZiemba2013,0.7370370370370369
672,0.9887932,1.308724832214765,ridge-lambda100-r2#5folds_cv,FreemanZiemba2013,0.7222222222222222
673,0.9888088,1.3221476510067114,ridge-lambda100-r2#5folds_cv,FreemanZiemba2013,0.7296296296296295
674,0.98882425,1.3489932885906042,ridge-lambda100-r2#5folds_cv,FreemanZiemba2013,0.7444444444444445
675,0.9888398,1.335570469798658,ridge-lambda100-r2#5folds_cv,FreemanZiemba2013,0.737037037037037
676,0.98885524,1.2751677852348995,ridge-lambda100-r2#5folds_cv,FreemanZiemba2013,0.7037037037037037
677,0.9888706,1.3288590604026849,ridge-lambda100-r2#5folds_cv,FreemanZiemba2013,0.7333333333333334
678,0.98888606,1.395973154362416,ridge-lambda100-r2#5folds_cv,FreemanZiemba2013,0.7703703703703704
679,0.98890144,1.3288590604026849,ridge-lambda100-r2#5folds_cv,FreemanZiemba2013,0.7333333333333334
680,0.98891675,1.3221476510067114,ridge-lambda100-r2#5folds_cv,FreemanZiemba2013,0.7296296296296296
681,0.988932,1.3624161073825503,ridge-lambda100-r2#5folds_cv,FreemanZiemba2013,0.7518518518518518
682,0.9889473,1.3557046979865774,ridge-lambda100-r2#5folds_cv,FreemanZiemba2013,0.7481481481481482
683,0.9889625,1.3624161073825503,ridge-lambda100-r2#5folds_cv,FreemanZiemba2013,0.7518518518518518
684,0.9889776,1.3624161073825503,ridge-lambda100-r2#5folds_cv,FreemanZiemba2013,0.7518518518518518
685,0.9889928,1.3489932885906042,ridge-lambda100-r2#5folds_cv,FreemanZiemba2013,0.7444444444444445
686,0.98900783,1.3557046979865772,ridge-lambda100-r2#5folds_cv,FreemanZiemba2013,0.7481481481481481
687,0.9890229,1.302013422818792,ridge-lambda100-r2#5folds_cv,FreemanZiemba2013,0.7185185185185186
688,0.989038,1.2818791946308725,ridge-lambda100-r2#5folds_cv,FreemanZiemba2013,0.7074074074074074
689,0.98905295,1.3221476510067114,ridge-lambda100-r2#5folds_cv,FreemanZiemba2013,0.7296296296296296
690,0.98906785,1.2953020134228188,ridge-lambda100-r2#5folds_cv,FreemanZiemba2013,0.7148148148148148
691,0.9890828,1.3758389261744968,ridge-lambda100-r2#5folds_cv,FreemanZiemba2013,0.7592592592592593
692,0.9890977,1.2885906040268456,ridge-lambda100-r2#5folds_cv,FreemanZiemba2013,0.711111111111111
693,0.9891125,1.3221476510067114,ridge-lambda100-r2#5folds_cv,FreemanZiemba2013,0.7296296296296296
694,0.98912734,1.3154362416107381,ridge-lambda100-r2#5folds_cv,FreemanZiemba2013,0.7259259259259259
695,0.9891421,1.2617449664429532,ridge-lambda100-r2#5folds_cv,FreemanZiemba2013,0.6962962962962963
696,0.9891569,1.3624161073825503,ridge-lambda100-r2#5folds_cv,FreemanZiemba2013,0.7518518518518518
697,0.9891716,1.2885906040268456,ridge-lambda100-r2#5folds_cv,FreemanZiemba2013,0.711111111111111
698,0.9891863,1.3221476510067114,ridge-lambda100-r2#5folds_cv,FreemanZiemba2013,0.7296296296296296
699,0.9892009,1.2818791946308727,ridge-lambda100-r2#5folds_cv,FreemanZiemba2013,0.7074074074074075
700,0.98921555,1.3489932885906042,ridge-lambda100-r2#5folds_cv,FreemanZiemba2013,0.7444444444444445
701,0.98923016,1.3489932885906042,ridge-lambda100-r2#5folds_cv,FreemanZiemba2013,0.7444444444444445
702,0.98924464,1.3221476510067114,ridge-lambda100-r2#5folds_cv,FreemanZiemba2013,0.7296296296296296
703,0.9892591,1.335570469798658,ridge-lambda100-r2#5folds_cv,FreemanZiemba2013,0.737037037037037
704,0.98927367,1.2818791946308725,ridge-lambda100-r2#5folds_cv,FreemanZiemba2013,0.7074074074074074
705,0.98928803,1.3624161073825503,ridge-lambda100-r2#5folds_cv,FreemanZiemba2013,0.7518518518518518
706,0.98930246,1.3288590604026846,ridge-lambda100-r2#5folds_cv,FreemanZiemba2013,0.7333333333333333
707,0.98931694,1.2684563758389262,ridge-lambda100-r2#5folds_cv,FreemanZiemba2013,0.7
708,0.9893311,1.3355704697986577,ridge-lambda100-r2#5folds_cv,FreemanZiemba2013,0.7370370370370369
709,0.98934543,1.3355704697986577,ridge-lambda100-r2#5folds_cv,FreemanZiemba2013,0.7370370370370369
710,0.98935974,1.2684563758389262,ridge-lambda100-r2#5folds_cv,FreemanZiemba2013,0.7
711,0.989374,1.2885906040268456,ridge-lambda100-r2#5folds_cv,FreemanZiemba2013,0.711111111111111
712,0.98938817,1.3020134228187918,ridge-lambda100-r2#5folds_cv,FreemanZiemba2013,0.7185185185185184
713,0.9894024,1.2953020134228188,ridge-lambda100-r2#5folds_cv,FreemanZiemba2013,0.7148148148148148
714,0.9894165,1.2953020134228188,ridge-lambda100-r2#5folds_cv,FreemanZiemba2013,0.7148148148148148
715,0.9894306,1.302013422818792,ridge-lambda100-r2#5folds_cv,FreemanZiemba2013,0.7185185185185186
716,0.98944473,1.3154362416107384,ridge-lambda100-r2#5folds_cv,FreemanZiemba2013,0.725925925925926
717,0.98945874,1.308724832214765,ridge-lambda100-r2#5folds_cv,FreemanZiemba2013,0.7222222222222222
718,0.98947275,1.3288590604026849,ridge-lambda100-r2#5folds_cv,FreemanZiemba2013,0.7333333333333334
719,0.9894868,1.3154362416107381,ridge-lambda100-r2#5folds_cv,FreemanZiemba2013,0.7259259259259259
720,0.9895007,1.3624161073825503,ridge-lambda100-r2#5folds_cv,FreemanZiemba2013,0.7518518518518518
721,0.9895145,1.3087248322147653,ridge-lambda100-r2#5folds_cv,FreemanZiemba2013,0.7222222222222223
722,0.9895285,1.3489932885906042,ridge-lambda100-r2#5folds_cv,FreemanZiemba2013,0.7444444444444445
723,0.9895423,1.3154362416107384,ridge-lambda100-r2#5folds_cv,FreemanZiemba2013,0.725925925925926
724,0.98955613,1.3691275167785235,ridge-lambda100-r2#5folds_cv,FreemanZiemba2013,0.7555555555555555
725,0.98956996,1.3288590604026849,ridge-lambda100-r2#5folds_cv,FreemanZiemba2013,0.7333333333333334
726,0.9895837,1.308724832214765,ridge-lambda100-r2#5folds_cv,FreemanZiemba2013,0.7222222222222222
727,0.98959744,1.2751677852348993,ridge-lambda100-r2#5folds_cv,FreemanZiemba2013,0.7037037037037036
728,0.98961115,1.3154362416107381,ridge-lambda100-r2#5folds_cv,FreemanZiemba2013,0.7259259259259259
729,0.9896248,1.3087248322147649,ridge-lambda100-r2#5folds_cv,FreemanZiemba2013,0.7222222222222221
730,0.98963845,1.3691275167785235,ridge-lambda100-r2#5folds_cv,FreemanZiemba2013,0.7555555555555555
731,0.98965204,1.335570469798658,ridge-lambda100-r2#5folds_cv,FreemanZiemba2013,0.737037037037037
732,0.9896656,1.2751677852348995,ridge-lambda100-r2#5folds_cv,FreemanZiemba2013,0.7037037037037037
733,0.98967916,1.342281879194631,ridge-lambda100-r2#5folds_cv,FreemanZiemba2013,0.7407407407407407
734,0.9896927,1.395973154362416,ridge-lambda100-r2#5folds_cv,FreemanZiemba2013,0.7703703703703703
735,0.98970604,1.214765100671141,ridge-lambda100-r2#5folds_cv,FreemanZiemba2013,0.6703703703703704
736,0.98971957,1.308724832214765,ridge-lambda100-r2#5folds_cv,FreemanZiemba2013,0.7222222222222222
737,0.98973304,1.2483221476510067,ridge-lambda100-r2#5folds_cv,FreemanZiemba2013,0.6888888888888889
738,0.9897463,1.3691275167785235,ridge-lambda100-r2#5folds_cv,FreemanZiemba2013,0.7555555555555555
739,0.9897596,1.4161073825503356,ridge-lambda100-r2#5folds_cv,FreemanZiemba2013,0.7814814814814814
740,0.9897731,1.261744966442953,ridge-lambda100-r2#5folds_cv,FreemanZiemba2013,0.6962962962962962
741,0.9897863,1.3624161073825503,ridge-lambda100-r2#5folds_cv,FreemanZiemba2013,0.7518518518518518
742,0.9897996,1.3758389261744968,ridge-lambda100-r2#5folds_cv,FreemanZiemba2013,0.7592592592592593
743,0.98981285,1.3691275167785235,ridge-lambda100-r2#5folds_cv,FreemanZiemba2013,0.7555555555555555
744,0.9898261,1.2818791946308725,ridge-lambda100-r2#5folds_cv,FreemanZiemba2013,0.7074074074074074
745,0.98983926,1.3221476510067114,ridge-lambda100-r2#5folds_cv,FreemanZiemba2013,0.7296296296296296
746,0.9898524,1.3154362416107381,ridge-lambda100-r2#5folds_cv,FreemanZiemba2013,0.7259259259259259
747,0.9898655,1.308724832214765,ridge-lambda100-r2#5folds_cv,FreemanZiemba2013,0.7222222222222222
748,0.98987854,1.342281879194631,ridge-lambda100-r2#5folds_cv,FreemanZiemba2013,0.7407407407407407
749,0.98989165,1.3624161073825503,ridge-lambda100-r2#5folds_cv,FreemanZiemba2013,0.7518518518518518
750,0.9899047,1.3355704697986577,ridge-lambda100-r2#5folds_cv,FreemanZiemba2013,0.7370370370370369
751,0.98991764,1.3288590604026849,ridge-lambda100-r2#5folds_cv,FreemanZiemba2013,0.7333333333333334
752,0.9899306,1.3221476510067114,ridge-lambda100-r2#5folds_cv,FreemanZiemba2013,0.7296296296296296
753,0.9899436,1.261744966442953,ridge-lambda100-r2#5folds_cv,FreemanZiemba2013,0.6962962962962962
754,0.98995656,1.348993288590604,ridge-lambda100-r2#5folds_cv,FreemanZiemba2013,0.7444444444444444
755,0.98996943,1.335570469798658,ridge-lambda100-r2#5folds_cv,FreemanZiemba2013,0.737037037037037
756,0.9899823,1.3087248322147653,ridge-lambda100-r2#5folds_cv,FreemanZiemba2013,0.7222222222222223
757,0.9899951,1.2953020134228188,ridge-lambda100-r2#5folds_cv,FreemanZiemba2013,0.7148148148148148
758,0.990008,1.2953020134228188,ridge-lambda100-r2#5folds_cv,FreemanZiemba2013,0.7148148148148148
0,0.7571179624896162,0.8023952095808384,linreg,FreemanZiemba2013,0.49629629629629635
1,0.7571179624896162,0.8323353293413175,linreg,FreemanZiemba2013,0.5148148148148148
2,0.8840457155903366,0.8682634730538922,linreg,FreemanZiemba2013,0.537037037037037
3,0.9275796813287994,0.9161676646706587,linreg,FreemanZiemba2013,0.5666666666666667
4,0.9423618366882358,0.9580838323353293,linreg,FreemanZiemba2013,0.5925925925925926
5,0.9507810471826551,0.9161676646706587,linreg,FreemanZiemba2013,0.5666666666666667
6,0.9579606701816107,0.9341317365269463,linreg,FreemanZiemba2013,0.5777777777777778
7,0.9633368551257409,1.0179640718562875,linreg,FreemanZiemba2013,0.6296296296296297
8,0.9673405175128187,0.9520958083832336,linreg,FreemanZiemba2013,0.5888888888888889
9,0.9706746565857863,0.9221556886227547,linreg,FreemanZiemba2013,0.5703703703703704
10,0.9734999122953629,1.0119760479041917,linreg,FreemanZiemba2013,0.6259259259259259
11,0.9757941860407275,1.0119760479041917,linreg,FreemanZiemba2013,0.625925925925926
12,0.9776940352761045,0.9940119760479043,linreg,FreemanZiemba2013,0.6148148148148148
13,0.9793929528031888,0.9820359281437127,linreg,FreemanZiemba2013,0.6074074074074074
14,0.9809686998608956,1.0,linreg,FreemanZiemba2013,0.6185185185185185
15,0.9823940885376088,1.0479041916167666,linreg,FreemanZiemba2013,0.6481481481481481
16,0.9836341272823187,1.0538922155688624,linreg,FreemanZiemba2013,0.6518518518518519
17,0.9847029819056753,1.0179640718562875,linreg,FreemanZiemba2013,0.6296296296296297
18,0.9856504108134693,0.9880239520958085,linreg,FreemanZiemba2013,0.6111111111111112
19,0.9865193455414816,1.0538922155688624,linreg,FreemanZiemba2013,0.6518518518518518
20,0.9873217833181475,1.005988023952096,linreg,FreemanZiemba2013,0.6222222222222222
21,0.9880469739899126,1.0419161676646707,linreg,FreemanZiemba2013,0.6444444444444444
22,0.9886867076327197,1.035928143712575,linreg,FreemanZiemba2013,0.6407407407407407
23,0.9892522312169824,1.0239520958083832,linreg,FreemanZiemba2013,0.6333333333333333
24,0.9897693680688014,1.0419161676646707,linreg,FreemanZiemba2013,0.6444444444444444
25,0.9902599005591537,1.0299401197604792,linreg,FreemanZiemba2013,0.6370370370370371
